Workbook

Sheet BD
B1: 1 | C1: =+B1+1 -> 2 | D1: =+C1+1 -> 3 | E1: =+D1+1 -> 4 | F1: =+E1+1 -> 5 | G1: =+F1+1 -> 6 | H1: =+G1+1 -> 7 | I1: =+H1+1 -> 8 | J1: =+I1+1 -> 9 | ... BO1: =+BN1+1 -> 66
B3: FUENTE DE CAPTACION | C3: POZO N° 10 | H3: POZO N° 11 | M3: POZO N° 13 | R3: POZO MEDRANO | W3: MINAQUEROS | AB3: PLANTA DE TRATAMIENTO | AG3: GALERIAS FILTRANTES NARANJAL | AL3: POZO CHINCHA BAJA | AQ3: POZO CALLE MORA | AV3: POZO TAMBO DE MORA | BA3: CBAP HIJAYA | BF3: CBAP ALTO LARAN | BK3: CBAP PUEBLO NUEVO
B4: Dia | C4: PZ10_Caudal | D4: PZ10_Horas Activo | E4: PZ10 Inicio | F4: PZ10 Final | G4: PZ10 m3/día | H4: PZ11 Caudal PROM | I4: PZ 11 Horas Activo | J4: PZ 11 Inicio | K4: PZ 11 Final | L4: PZ 11 m3/día | M4: PZ 13 Caudal PROM | N4: PZ 13 Horas Activo | O4: PZ 13 Inicio | P4: PZ 13 Final | Q4: PZ 13 m3/día | R4: PZ MED Caudal PROM | S4: PZ MED Horas Activo | T4: PZ MED Inicio | U4: PZ MED Final | V4: PZ MED m3/día | W4: GF MIN Caudal PROM | X4: GF MIN Horas Activo | Y4: GF MIN Inicio | Z4: GF MIN Final | AA4: GF MIN m3/día | AB4: PTAP1 Caudal PROM | AC4: PTAP1 Horas Activo | AD4: PTAP1 Inicio | AE4: PTAP1 Final | AF4: PTAP1 m3/día | AG4: GF NAR Caudal PROM | AH4: GF NAR Horas Activo | AI4: GF NAR Inicio | AJ4: GF NAR Final | AK4: GF NAR m3/día | AL4: PZ CHB Caudal PROM | AM4: PZ CHB Horas Activo | AN4: PZ CHB Inicio | AO4: PZ CHB Final | AP4: PZ CHB m3/día | AQ4: PZ CM Caudal PROM | AR4: PZ CM Horas Activo | AS4: PZ CM Inicio | AT4: PZ CM Final | AU4: PZ CM m3/día | AV4: PZ TM Caudal PROM | AW4: PZ TM Horas Activo | AX4: PZ TM Inicio | AY4: PZ TM Final | AZ4: PZ TM m3/día | BA4: EBAP HIJA Caudal PROM | BB4: EBAP HIJA Horas Activo | BC4: EBAP HIJA Inicio | BD4: EBAP HIJA Final | BE4: EBAP HIJA m3/día | BF4: EBAP ALAR Caudal PROM | BG4: EBAP ALAR Horas Activo | BH4: EBAP ALAR Inicio | BI4: EBAP ALAR Final | BJ4: EBAP ALAR m3/día | BK4: EBAP PNUE Caudal PROM57 | BL4: EBAP PNUE Horas Activo | BM4: EBAP PNUE Inicio | BN4: EBAP PNUE Final | BO4: EBAP PNUE m3/día
A5: =MONTH(B5) -> 1 | B5: 46023 | C5: 38 | D5: =IFERROR(+G5/(C5*3.6)," ") -> 13.435673 | E5: 3735917 | F5: 3737755 | G5: =IFERROR((F5-E5)," ") -> 1838 | H5: 25 | I5: =IFERROR(+L5/(H5*3.6)," ") -> 0 | J5: 1970853 | K5: 1970853 | L5: =IFERROR((K5-J5)," ") -> 0 | M5: 38 | N5: =IFERROR(+Q5/(M5*3.6)," ") -> 0 | O5: 414403 | P5: 414403 | Q5: =IFERROR((P5-O5)," ") -> 0 | R5: =+BDFUENTES[[#This Row],[PZ MED m3/día]]/3.6/BDFUENTES[[#This Row],[PZ MED Horas Activo]] -> 29.854497 | S5: 21 | T5: 227566 | U5: 229823 | V5: =IFERROR((U5-T5)," ") -> 2257 | W5: =IFERROR((AA5/X5)/3.6," ") -> 338.47222 | X5: 24 | Y5: 622319 | Z5: 653820 | AA5: =IFERROR((Z5-Y5)," ")-2257 -> 29244 | AB5: =IFERROR(ROUNDDOWN(+AF5/(AC5*3.6),0)," ") -> 85 | AC5: 24 | AD5: 5049069 | AE5: 5056413 | AF5: =IFERROR((AE5-AD5)," ") -> 7344 | AG5: 20 | AH5: 24 | AK5: =IF(OR(AH5="",AG5=""),"",AH5*AG5*3.6) -> 1728 | AL5: =+BDFUENTES[[#This Row],[PZ CHB m3/día]]/3.6/BDFUENTES[[#This Row],[PZ CHB Horas Activo]] -> 38.225309 | AM5: 18 | AN5: 3509686 | AO5: 3512163 | AP5: =IFERROR((AO5-AN5)," ") -> 2477 | AR5: =IFERROR(+AU5/(AQ5*3.6)," ") | AS5: =IF(AT5>0,#REF!," ") | AU5: =IFERROR((AT5-AS5)," ") | AV5: =+BDFUENTES[[#This Row],[PZ TM m3/día]]/3.6/BDFUENTES[[#This Row],[PZ TM Horas Activo]] -> 11.296296 | AW5: 15 | AX5: 564606 | AY5: 565216 | AZ5: =IFERROR((AY5-AX5)," ") -> 610 | BA5: 125 | BB5: =IFERROR(+BE5/(BA5*3.6)," ") -> 4.3111111 | BC5: 5867299 | BD5: 5869239 | BE5: =IFERROR((BD5-BC5)," ") -> 1940 | BF5: 20 | BG5: =IFERROR(+BJ5/(BF5*3.6)," ") -> 17.888889 | BH5: 1526369 | BI5: 1527657 | BJ5: =IFERROR((BI5-BH5)," ") -> 1288 | BK5: 70 | BL5: =IFERROR(+BO5/(BK5*3.6)," ") -> 17.111111 | BM5: 6105110 | BN5: 6109422 | BO5: =IFERROR((BN5-BM5)," ") -> 4312
A6: =MONTH(B6) -> 1 | B6: 46024 | C6: 38 | D6: =IFERROR(+G6/(C6*3.6)," ") -> 13.333333 | E6: =IF(F6>0,F5," ") -> 3737755 | F6: 3739579 | G6: =IFERROR((F6-E6)," ") -> 1824 | H6: 25 | I6: =IFERROR(+L6/(H6*3.6)," ") -> 0 | J6: =IF(K6>0,K5," ") -> 1970853 | K6: 1970853 | L6: =IFERROR((K6-J6)," ") -> 0 | M6: 38 | N6: =IFERROR(+Q6/(M6*3.6)," ") -> 0 | O6: =IF(P6>0,P5," ") -> 414403 | P6: 414403 | Q6: =IFERROR((P6-O6)," ") -> 0 | R6: =+BDFUENTES[[#This Row],[PZ MED m3/día]]/3.6/BDFUENTES[[#This Row],[PZ MED Horas Activo]] -> 27.156863 | S6: 17 | T6: =IF(U6>0,U5," ") -> 229823 | U6: 231485 | V6: =IFERROR((U6-T6)," ") -> 1662 | W6: =IFERROR((AA6/X6)/3.6," ") -> 368.39372 | X6: 23 | Y6: =IF(Z6>0,Z5," ") -> 653820 | Z6: 685985 | AA6: =IFERROR((Z6-Y6)," ")-1662 -> 30503 | AB6: =IFERROR(ROUNDDOWN(+AF6/(AC6*3.6),0)," ") -> 91 | AC6: 24 | AD6: =IF(AE6>0,AE5," ") -> 5056413 | AE6: 5064297 | AF6: =IFERROR((AE6-AD6)," ") -> 7884 | AG6: 20 | AH6: 24 | AK6: =IF(OR(AH6="",AG6=""),"",AH6*AG6*3.6) -> 1728 | AL6: =+BDFUENTES[[#This Row],[PZ CHB m3/día]]/3.6/BDFUENTES[[#This Row],[PZ CHB Horas Activo]] -> 37.810458 | AM6: 17 | AN6: =IF(AO6>0,AO5," ") -> 3512163 | AO6: 3514477 | AP6: =IFERROR((AO6-AN6)," ") -> 2314 | AR6: =IFERROR(+AU6/(AQ6*3.6)," ") | AS6: =IF(AT6>0,#REF!," ") | AU6: =IFERROR((AT6-AS6)," ") | AV6: =+BDFUENTES[[#This Row],[PZ TM m3/día]]/3.6/BDFUENTES[[#This Row],[PZ TM Horas Activo]] -> 10.666667 | AW6: 15 | AX6: =IF(AY6>0,AY5," ") -> 565216 | AY6: 565792 | AZ6: =IFERROR((AY6-AX6)," ") -> 576 | BA6: 125 | BB6: =IFERROR(+BE6/(BA6*3.6)," ") -> 4.1977778 | BC6: =IF(BD6>0,BD5," ") -> 5869239 | BD6: 5871128 | BE6: =IFERROR((BD6-BC6)," ") -> 1889 | BF6: 20 | BG6: =IFERROR(+BJ6/(BF6*3.6)," ") -> 17.402778 | BH6: =IF(BI6>0,BI5," ") -> 1527657 | BI6: 1528910 | BJ6: =IFERROR((BI6-BH6)," ") -> 1253 | BK6: 70 | BL6: =IFERROR(+BO6/(BK6*3.6)," ") -> 13.813492 | BM6: =IF(BN6>0,BN5," ") -> 6109422 | BN6: 6112903 | BO6: =IFERROR((BN6-BM6)," ") -> 3481
A7: =MONTH(B7) -> 1 | B7: 46025 | C7: 38 | D7: =IFERROR(+G7/(C7*3.6)," ") -> 13.150585 | E7: =IF(F7>0,F6," ") -> 3739579 | F7: 3741378 | G7: =IFERROR((F7-E7)," ") -> 1799 | H7: 25 | I7: =IFERROR(+L7/(H7*3.6)," ") -> 0 | J7: =IF(K7>0,K6," ") -> 1970853 | K7: 1970853 | L7: =IFERROR((K7-J7)," ") -> 0 | M7: 38 | N7: =IFERROR(+Q7/(M7*3.6)," ") -> 0 | O7: =IF(P7>0,P6," ") -> 414403 | P7: 414403 | Q7: =IFERROR((P7-O7)," ") -> 0 | R7: =+BDFUENTES[[#This Row],[PZ MED m3/día]]/3.6/BDFUENTES[[#This Row],[PZ MED Horas Activo]] -> 27.631579 | S7: 3.8 | T7: =IF(U7>0,U6," ") -> 231485 | U7: 231863 | V7: =IFERROR((U7-T7)," ") -> 378 | W7: =IFERROR((AA7/X7)/3.6," ") -> 446.74769 | X7: 24 | Y7: =IF(Z7>0,Z6," ") -> 685985 | Z7: 724962 | AA7: =IFERROR((Z7-Y7)," ")-378 -> 38599 | AB7: =IFERROR(ROUNDDOWN(+AF7/(AC7*3.6),0)," ") -> 85 | AC7: 24 | AD7: =IF(AE7>0,AE6," ") -> 5064297 | AE7: 5071665 | AF7: =IFERROR((AE7-AD7)," ") -> 7368 | AG7: 20 | AH7: 24 | AK7: =IF(OR(AH7="",AG7=""),"",AH7*AG7*3.6) -> 1728 | AL7: =+BDFUENTES[[#This Row],[PZ CHB m3/día]]/3.6/BDFUENTES[[#This Row],[PZ CHB Horas Activo]] -> 36.857639 | AM7: 16 | AN7: =IF(AO7>0,AO6," ") -> 3514477 | AO7: 3516600 | AP7: =IFERROR((AO7-AN7)," ") -> 2123 | AR7: =IFERROR(+AU7/(AQ7*3.6)," ") | AS7: =IF(AT7>0,#REF!," ") | AU7: =IFERROR((AT7-AS7)," ") | AV7: =+BDFUENTES[[#This Row],[PZ TM m3/día]]/3.6/BDFUENTES[[#This Row],[PZ TM Horas Activo]] -> 11.148148 | AW7: 15 | AX7: =IF(AY7>0,AY6," ") -> 565792 | AY7: 566394 | AZ7: =IFERROR((AY7-AX7)," ") -> 602 | BA7: 125 | BB7: =IFERROR(+BE7/(BA7*3.6)," ") -> 3.9733333 | BC7: =IF(BD7>0,BD6," ") -> 5871128 | BD7: 5872916 | BE7: =IFERROR((BD7-BC7)," ") -> 1788 | BF7: 20 | BG7: =IFERROR(+BJ7/(BF7*3.6)," ") -> 18.083333 | BH7: =IF(BI7>0,BI6," ") -> 1528910 | BI7: 1530212 | BJ7: =IFERROR((BI7-BH7)," ") -> 1302 | BK7: 70 | BL7: =IFERROR(+BO7/(BK7*3.6)," ") -> 18.503968 | BM7: =IF(BN7>0,BN6," ") -> 6112903 | BN7: 6117566 | BO7: =IFERROR((BN7-BM7)," ") -> 4663
A8: =MONTH(B8) -> 1 | B8: 46026 | C8: 38 | D8: =IFERROR(+G8/(C8*3.6)," ") -> 13.311404 | E8: =IF(F8>0,F7," ") -> 3741378 | F8: 3743199 | G8: =IFERROR((F8-E8)," ") -> 1821 | H8: 25 | I8: =IFERROR(+L8/(H8*3.6)," ") -> 0 | J8: =IF(K8>0,K7," ") -> 1970853 | K8: 1970853 | L8: =IFERROR((K8-J8)," ") -> 0 | M8: 38 | N8: =IFERROR(+Q8/(M8*3.6)," ") -> 0 | O8: =IF(P8>0,P7," ") -> 414403 | P8: 414403 | Q8: =IFERROR((P8-O8)," ") -> 0 | R8: 0 | S8: 0 | T8: =IF(U8>0,U7," ") -> 231863 | U8: 231863 | V8: =IFERROR((U8-T8)," ") -> 0 | W8: =IFERROR((AA8/X8)/3.6," ") -> 454.0162 | X8: 24 | Y8: =IF(Z8>0,Z7," ") -> 724962 | Z8: 764189 | AA8: =IFERROR((Z8-Y8)," ") -> 39227 | AB8: =IFERROR(ROUNDDOWN(+AF8/(AC8*3.6),0)," ") -> 79 | AC8: 24 | AD8: =IF(AE8>0,AE7," ") -> 5071665 | AE8: 5078571 | AF8: =IFERROR((AE8-AD8)," ") -> 6906 | AG8: 20 | AH8: 24 | AK8: =IF(OR(AH8="",AG8=""),"",AH8*AG8*3.6) -> 1728 | AL8: =+BDFUENTES[[#This Row],[PZ CHB m3/día]]/3.6/BDFUENTES[[#This Row],[PZ CHB Horas Activo]] -> 38.839869 | AM8: 17 | AN8: =IF(AO8>0,AO7," ") -> 3516600 | AO8: 3518977 | AP8: =IFERROR((AO8-AN8)," ") -> 2377 | AR8: =IFERROR(+AU8/(AQ8*3.6)," ") | AS8: =IF(AT8>0,#REF!," ") | AU8: =IFERROR((AT8-AS8)," ") | AV8: =+BDFUENTES[[#This Row],[PZ TM m3/día]]/3.6/BDFUENTES[[#This Row],[PZ TM Horas Activo]] -> 10.074074 | AW8: 15 | AX8: =IF(AY8>0,AY7," ") -> 566394 | AY8: 566938 | AZ8: =IFERROR((AY8-AX8)," ") -> 544 | BA8: 125 | BB8: =IFERROR(+BE8/(BA8*3.6)," ") -> 4.0555556 | BC8: =IF(BD8>0,BD7," ") -> 5872916 | BD8: 5874741 | BE8: =IFERROR((BD8-BC8)," ") -> 1825 | BF8: 20 | BG8: =IFERROR(+BJ8/(BF8*3.6)," ") -> 18.638889 | BH8: =IF(BI8>0,BI7," ") -> 1530212 | BI8: 1531554 | BJ8: =IFERROR((BI8-BH8)," ") -> 1342 | BK8: 70 | BL8: =IFERROR(+BO8/(BK8*3.6)," ") -> 16.281746 | BM8: =IF(BN8>0,BN7," ") -> 6117566 | BN8: 6121669 | BO8: =IFERROR((BN8-BM8)," ") -> 4103
A9: =MONTH(B9) -> 1 | B9: 46027 | C9: 38 | D9: =IFERROR(+G9/(C9*3.6)," ") -> 13.362573 | E9: =IF(F9>0,F8," ") -> 3743199 | F9: 3745027 | G9: =IFERROR((F9-E9)," ") -> 1828 | H9: 25 | I9: =IFERROR(+L9/(H9*3.6)," ") -> 0 | J9: =IF(K9>0,K8," ") -> 1970853 | K9: 1970853 | L9: =IFERROR((K9-J9)," ") -> 0 | M9: 38 | N9: =IFERROR(+Q9/(M9*3.6)," ") -> 0 | O9: =IF(P9>0,P8," ") -> 414403 | P9: 414403 | Q9: =IFERROR((P9-O9)," ") -> 0 | R9: 0 | S9: 0 | T9: =IF(U9>0,U8," ") -> 231863 | U9: 231990 | V9: =IFERROR((U9-T9)," ") -> 127 | W9: =IFERROR((AA9/X9)/3.6," ") -> 454.91898 | X9: 24 | Y9: =IF(Z9>0,Z8," ") -> 764189 | Z9: 803621 | AA9: =IFERROR((Z9-Y9)," ")-127 -> 39305 | AB9: =IFERROR(ROUNDDOWN(+AF9/(AC9*3.6),0)," ") -> 77 | AC9: 24 | AD9: =IF(AE9>0,AE8," ") -> 5078571 | AE9: 5085283 | AF9: =IFERROR((AE9-AD9)," ") -> 6712 | AG9: 20 | AH9: 24 | AK9: =IF(OR(AH9="",AG9=""),"",AH9*AG9*3.6) -> 1728 | AL9: =+BDFUENTES[[#This Row],[PZ CHB m3/día]]/3.6/BDFUENTES[[#This Row],[PZ CHB Horas Activo]] -> 38.496732 | AM9: 17 | AN9: =IF(AO9>0,AO8," ") -> 3518977 | AO9: 3521333 | AP9: =IFERROR((AO9-AN9)," ") -> 2356 | AR9: =IFERROR(+AU9/(AQ9*3.6)," ") | AS9: =IF(AT9>0,AT8," ") | AU9: =IFERROR((AT9-AS9)," ") | AV9: =+BDFUENTES[[#This Row],[PZ TM m3/día]]/3.6/BDFUENTES[[#This Row],[PZ TM Horas Activo]] -> 11.458333 | AW9: 16 | AX9: =IF(AY9>0,AY8," ") -> 566938 | AY9: 567598 | AZ9: =IFERROR((AY9-AX9)," ") -> 660 | BA9: 125 | BB9: =IFERROR(+BE9/(BA9*3.6)," ") -> 4.3822222 | BC9: =IF(BD9>0,BD8," ") -> 5874741 | BD9: 5876713 | BE9: =IFERROR((BD9-BC9)," ") -> 1972 | BF9: 20 | BG9: =IFERROR(+BJ9/(BF9*3.6)," ") -> 16.152778 | BH9: =IF(BI9>0,BI8," ") -> 1531554 | BI9: 1532717 | BJ9: =IFERROR((BI9-BH9)," ") -> 1163 | BK9: 70 | BL9: =IFERROR(+BO9/(BK9*3.6)," ") -> 19.31746 | BM9: =IF(BN9>0,BN8," ") -> 6121669 | BN9: 6126537 | BO9: =IFERROR((BN9-BM9)," ") -> 4868
A10: =MONTH(B10) -> 1 | B10: 46028 | C10: 38 | D10: =IFERROR(+G10/(C10*3.6)," ") -> 13.421053 | E10: =IF(F10>0,F9," ") -> 3745027 | F10: 3746863 | G10: =IFERROR((F10-E10)," ") -> 1836 | H10: 25 | I10: =IFERROR(+L10/(H10*3.6)," ") -> 0 | J10: =IF(K10>0,K9," ") -> 1970853 | K10: 1970853 | L10: =IFERROR((K10-J10)," ") -> 0 | M10: 38 | N10: =IFERROR(+Q10/(M10*3.6)," ") -> 0 | O10: =IF(P10>0,P9," ") -> 414403 | P10: 414403 | Q10: =IFERROR((P10-O10)," ") -> 0 | R10: 0 | S10: 0 | T10: =IF(U10>0,U9," ") -> 231990 | U10: 231990 | V10: =IFERROR((U10-T10)," ") -> 0 | W10: =IFERROR((AA10/X10)/3.6," ") -> 416.35417 | X10: 24 | Y10: =IF(Z10>0,Z9," ") -> 803621 | Z10: 839594 | AA10: =IFERROR((Z10-Y10)," ") -> 35973 | AB10: =IFERROR(ROUNDDOWN(+AF10/(AC10*3.6),0)," ") -> 77 | AC10: 24 | AD10: =IF(AE10>0,AE9," ") -> 5085283 | AE10: 5091948 | AF10: =IFERROR((AE10-AD10)," ") -> 6665 | AG10: 20 | AH10: 24 | AK10: =IF(OR(AH10="",AG10=""),"",AH10*AG10*3.6) -> 1728 | AL10: =+BDFUENTES[[#This Row],[PZ CHB m3/día]]/3.6/BDFUENTES[[#This Row],[PZ CHB Horas Activo]] -> 39.526144 | AM10: 17 | AN10: =IF(AO10>0,AO9," ") -> 3521333 | AO10: 3523752 | AP10: =IFERROR((AO10-AN10)," ") -> 2419 | AR10: =IFERROR(+AU10/(AQ10*3.6)," ") | AS10: =IF(AT10>0,AT9," ") | AU10: =IFERROR((AT10-AS10)," ") | AV10: =+BDFUENTES[[#This Row],[PZ TM m3/día]]/3.6/BDFUENTES[[#This Row],[PZ TM Horas Activo]] -> 11.092593 | AW10: 15 | AX10: =IF(AY10>0,AY9," ") -> 567598 | AY10: 568197 | AZ10: =IFERROR((AY10-AX10)," ") -> 599 | BA10: 125 | BB10: =IFERROR(+BE10/(BA10*3.6)," ") -> 4.2644444 | BC10: =IF(BD10>0,BD9," ") -> 5876713 | BD10: 5878632 | BE10: =IFERROR((BD10-BC10)," ") -> 1919 | BF10: 20 | BG10: =IFERROR(+BJ10/(BF10*3.6)," ") -> 17.375 | BH10: =IF(BI10>0,BI9," ") -> 1532717 | BI10: 1533968 | BJ10: =IFERROR((BI10-BH10)," ") -> 1251 | BK10: 70 | BL10: =IFERROR(+BO10/(BK10*3.6)," ") -> 16.662698 | BM10: =IF(BN10>0,BN9," ") -> 6126537 | BN10: 6130736 | BO10: =IFERROR((BN10-BM10)," ") -> 4199
A11: =MONTH(B11) -> 1 | B11: 46029 | C11: 38 | D11: =IFERROR(+G11/(C11*3.6)," ") -> 13.289474 | E11: =IF(F11>0,F10," ") -> 3746863 | F11: 3748681 | G11: =IFERROR((F11-E11)," ") -> 1818 | H11: 25 | I11: =IFERROR(+L11/(H11*3.6)," ") -> 0 | J11: =IF(K11>0,K10," ") -> 1970853 | K11: 1970853 | L11: =IFERROR((K11-J11)," ") -> 0 | M11: 38 | N11: =IFERROR(+Q11/(M11*3.6)," ") -> 0 | O11: =IF(P11>0,P10," ") -> 414403 | P11: 414403 | Q11: =IFERROR((P11-O11)," ") -> 0 | R11: 0 | S11: 0 | T11: =IF(U11>0,U10," ") -> 231990 | U11: 232061 | V11: 0 | W11: =IFERROR((AA11/X11)/3.6," ") -> 432.96296 | X11: 24 | Y11: =IF(Z11>0,Z10," ") -> 839594 | Z11: 877002 | AA11: =IFERROR((Z11-Y11)," ") -> 37408 | AB11: =IFERROR(ROUNDDOWN(+AF11/(AC11*3.6),0)," ") -> 77 | AC11: 24 | AD11: =IF(AE11>0,AE10," ") -> 5091948 | AE11: 5098663 | AF11: =IFERROR((AE11-AD11)," ") -> 6715 | AG11: 20 | AH11: 24 | AK11: =IF(OR(AH11="",AG11=""),"",AH11*AG11*3.6) -> 1728 | AL11: =+BDFUENTES[[#This Row],[PZ CHB m3/día]]/3.6/BDFUENTES[[#This Row],[PZ CHB Horas Activo]] -> 39.068627 | AM11: 17 | AN11: =IF(AO11>0,AO10," ") -> 3523752 | AO11: 3526143 | AP11: =IFERROR((AO11-AN11)," ") -> 2391 | AR11: =IFERROR(+AU11/(AQ11*3.6)," ") | AS11: =IF(AT11>0,AT10," ") | AU11: =IFERROR((AT11-AS11)," ") | AV11: =+BDFUENTES[[#This Row],[PZ TM m3/día]]/3.6/BDFUENTES[[#This Row],[PZ TM Horas Activo]] -> 11.277778 | AW11: 15 | AX11: =IF(AY11>0,AY10," ") -> 568197 | AY11: 568806 | AZ11: =IFERROR((AY11-AX11)," ") -> 609 | BA11: 125 | BB11: =IFERROR(+BE11/(BA11*3.6)," ") -> 4.12 | BC11: =IF(BD11>0,BD10," ") -> 5878632 | BD11: 5880486 | BE11: =IFERROR((BD11-BC11)," ") -> 1854 | BF11: 20 | BG11: =IFERROR(+BJ11/(BF11*3.6)," ") -> 17.638889 | BH11: =IF(BI11>0,BI10," ") -> 1533968 | BI11: 1535238 | BJ11: =IFERROR((BI11-BH11)," ") -> 1270 | BK11: 70 | BL11: =IFERROR(+BO11/(BK11*3.6)," ") -> 18.936508 | BM11: =IF(BN11>0,BN10," ") -> 6130736 | BN11: 6135508 | BO11: =IFERROR((BN11-BM11)," ") -> 4772
A12: =MONTH(B12) -> 1 | B12: 46030 | C12: 38 | D12: =IFERROR(+G12/(C12*3.6)," ") -> 13.450292 | E12: =IF(F12>0,F11," ") -> 3748681 | F12: 3750521 | G12: =IFERROR((F12-E12)," ") -> 1840 | H12: 25 | I12: =IFERROR(+L12/(H12*3.6)," ") -> 0 | J12: =IF(K12>0,K11," ") -> 1970853 | K12: 1970853 | L12: =IFERROR((K12-J12)," ") -> 0 | M12: 38 | N12: =IFERROR(+Q12/(M12*3.6)," ") -> 0 | O12: =IF(P12>0,P11," ") -> 414403 | P12: 414403 | Q12: =IFERROR((P12-O12)," ") -> 0 | R12: 0 | S12: 0 | T12: =IF(U12>0,U11," ") -> 232061 | U12: 232133 | V12: 0 | W12: =IFERROR((AA12/X12)/3.6," ") -> 463.61263 | X12: 24 | Y12: =IF(Z12>0,Z11," ") -> 877002 | Z12: 917058.13 | AA12: =IFERROR((Z12-Y12)," ") -> 40056.131 | AB12: =IFERROR(ROUNDDOWN(+AF12/(AC12*3.6),0)," ") -> 79 | AC12: 24 | AD12: =IF(AE12>0,AE11," ") -> 5098663 | AE12: 5105497 | AF12: =IFERROR((AE12-AD12)," ") -> 6834 | AG12: 20 | AH12: 24 | AK12: =IF(OR(AH12="",AG12=""),"",AH12*AG12*3.6) -> 1728 | AL12: =+BDFUENTES[[#This Row],[PZ CHB m3/día]]/3.6/BDFUENTES[[#This Row],[PZ CHB Horas Activo]] -> 39.243827 | AM12: 18 | AN12: =IF(AO12>0,AO11," ") -> 3526143 | AO12: 3528686 | AP12: =IFERROR((AO12-AN12)," ") -> 2543 | AR12: =IFERROR(+AU12/(AQ12*3.6)," ") | AS12: =IF(AT12>0,AT11," ") | AU12: =IFERROR((AT12-AS12)," ") | AV12: =+BDFUENTES[[#This Row],[PZ TM m3/día]]/3.6/BDFUENTES[[#This Row],[PZ TM Horas Activo]] -> 11.333333 | AW12: 15 | AX12: =IF(AY12>0,AY11," ") -> 568806 | AY12: 569418 | AZ12: =IFERROR((AY12-AX12)," ") -> 612 | BA12: 125 | BB12: =IFERROR(+BE12/(BA12*3.6)," ") -> 4.2866667 | BC12: =IF(BD12>0,BD11," ") -> 5880486 | BD12: 5882415 | BE12: =IFERROR((BD12-BC12)," ") -> 1929 | BF12: 20 | BG12: =IFERROR(+BJ12/(BF12*3.6)," ") -> 17.902778 | BH12: =IF(BI12>0,BI11," ") -> 1535238 | BI12: 1536527 | BJ12: =IFERROR((BI12-BH12)," ") -> 1289 | BK12: 70 | BL12: =IFERROR(+BO12/(BK12*3.6)," ") -> 17.075397 | BM12: =IF(BN12>0,BN11," ") -> 6135508 | BN12: 6139811 | BO12: =IFERROR((BN12-BM12)," ") -> 4303
A13: =MONTH(B13) -> 1 | B13: 46031 | C13: 38 | D13: =IFERROR(+G13/(C13*3.6)," ") -> 13.267544 | E13: =IF(F13>0,F12," ") -> 3750521 | F13: 3752336 | G13: =IFERROR((F13-E13)," ") -> 1815 | H13: 25 | I13: =IFERROR(+L13/(H13*3.6)," ") -> 0 | J13: =IF(K13>0,K12," ") -> 1970853 | K13: 1970853 | L13: =IFERROR((K13-J13)," ") -> 0 | M13: 38 | N13: =IFERROR(+Q13/(M13*3.6)," ") -> 0 | O13: =IF(P13>0,P12," ") -> 414403 | P13: 414403 | Q13: =IFERROR((P13-O13)," ") -> 0 | R13: 0 | S13: 0 | T13: =IF(U13>0,U12," ") -> 232133 | U13: 232172 | V13: 0 | W13: =IFERROR((AA13/X13)/3.6," ") -> 431.36422 | X13: 24 | Y13: =IF(Z13>0,Z12," ") -> 917058.13 | Z13: 954328 | AA13: =IFERROR((Z13-Y13)," ") -> 37269.869 | AB13: =IFERROR(ROUNDDOWN(+AF13/(AC13*3.6),0)," ") -> 83 | AC13: 24 | AD13: =IF(AE13>0,AE12," ") -> 5105497 | AE13: 5112705 | AF13: =IFERROR((AE13-AD13)," ") -> 7208 | AG13: 20 | AH13: 24 | AK13: =IF(OR(AH13="",AG13=""),"",AH13*AG13*3.6) -> 1728 | AL13: =+BDFUENTES[[#This Row],[PZ CHB m3/día]]/3.6/BDFUENTES[[#This Row],[PZ CHB Horas Activo]] -> 38.564815 | AM13: 18 | AN13: =IF(AO13>0,AO12," ") -> 3528686 | AO13: 3531185 | AP13: =IFERROR((AO13-AN13)," ") -> 2499 | AR13: =IFERROR(+AU13/(AQ13*3.6)," ") | AS13: =IF(AT13>0,AT12," ") | AU13: =IFERROR((AT13-AS13)," ") | AV13: =+BDFUENTES[[#This Row],[PZ TM m3/día]]/3.6/BDFUENTES[[#This Row],[PZ TM Horas Activo]] -> 11.777778 | AW13: 15 | AX13: =IF(AY13>0,AY12," ") -> 569418 | AY13: 570054 | AZ13: =IFERROR((AY13-AX13)," ") -> 636 | BA13: 125 | BB13: =IFERROR(+BE13/(BA13*3.6)," ") -> 4.0955556 | BC13: =IF(BD13>0,BD12," ") -> 5882415 | BD13: 5884258 | BE13: =IFERROR((BD13-BC13)," ") -> 1843 | BF13: 20 | BG13: =IFERROR(+BJ13/(BF13*3.6)," ") -> 15.694444 | BH13: =IF(BI13>0,BI12," ") -> 1536527 | BI13: =1537801-20*3.6*2 -> 1537657 | BJ13: =IFERROR((BI13-BH13)," ") -> 1130 | BK13: 70 | BL13: =IFERROR(+BO13/(BK13*3.6)," ") -> 19.25 | BM13: =IF(BN13>0,BN12," ") -> 6139811 | BN13: 6144662 | BO13: =IFERROR((BN13-BM13)," ") -> 4851
A14: =MONTH(B14) -> 1 | B14: 46032 | C14: 38 | D14: =IFERROR(+G14/(C14*3.6)," ") -> 19.064327 | E14: =IF(F14>0,F13," ") -> 3752336 | F14: 3754944 | G14: =IFERROR((F14-E14)," ") -> 2608 | H14: 25 | I14: =IFERROR(+L14/(H14*3.6)," ") -> 0 | J14: =IF(K14>0,K13," ") -> 1970853 | K14: 1970853 | L14: =IFERROR((K14-J14)," ") -> 0 | M14: 38 | N14: =IFERROR(+Q14/(M14*3.6)," ") -> 0 | O14: =IF(P14>0,P13," ") -> 414403 | P14: 414403 | Q14: =IFERROR((P14-O14)," ") -> 0 | R14: =+BDFUENTES[[#This Row],[PZ MED m3/día]]/3.6/BDFUENTES[[#This Row],[PZ MED Horas Activo]] -> 27.972222 | S14: 10 | T14: =IF(U14>0,U13," ") -> 232172 | U14: 233179 | V14: =IFERROR((U14-T14)," ") -> 1007 | W14: =IFERROR((AA14/X14)/3.6," ") -> 383.72685 | X14: 24 | Y14: =IF(Z14>0,Z13," ") -> 954328 | Z14: 988489 | AA14: =IFERROR((Z14-Y14)," ")-1007 -> 33154 | AB14: =IFERROR(ROUNDDOWN(+AF14/(AC14*3.6),0)," ") -> 58 | AC14: 24 | AD14: =IF(AE14>0,AE13," ") -> 5112705 | AE14: 5117791 | AF14: =IFERROR((AE14-AD14)," ") -> 5086 | AG14: 20 | AH14: 24 | AK14: =IF(OR(AH14="",AG14=""),"",AH14*AG14*3.6) -> 1728 | AL14: =+BDFUENTES[[#This Row],[PZ CHB m3/día]]/3.6/BDFUENTES[[#This Row],[PZ CHB Horas Activo]] -> 38.225309 | AM14: 18 | AN14: =IF(AO14>0,AO13," ") -> 3531185 | AO14: 3533662 | AP14: =IFERROR((AO14-AN14)," ") -> 2477 | AR14: =IFERROR(+AU14/(AQ14*3.6)," ") | AS14: =IF(AT14>0,AT13," ") | AU14: =IFERROR((AT14-AS14)," ") | AV14: =+BDFUENTES[[#This Row],[PZ TM m3/día]]/3.6/BDFUENTES[[#This Row],[PZ TM Horas Activo]] -> 11.222222 | AW14: 15 | AX14: =IF(AY14>0,AY13," ") -> 570054 | AY14: 570660 | AZ14: =IFERROR((AY14-AX14)," ") -> 606 | BA14: 125 | BB14: =IFERROR(+BE14/(BA14*3.6)," ") -> 5.9466667 | BC14: =IF(BD14>0,BD13," ") -> 5884258 | BD14: 5886934 | BE14: =IFERROR((BD14-BC14)," ") -> 2676 | BF14: 20 | BG14: =IFERROR(+BJ14/(BF14*3.6)," ") -> 18.388889 | BH14: =IF(BI14>0,BI13," ") -> 1537657 | BI14: 1538981 | BJ14: =IFERROR((BI14-BH14)," ") -> 1324 | BK14: 70 | BL14: =IFERROR(+BO14/(BK14*3.6)," ") -> 17.146825 | BM14: =IF(BN14>0,BN13," ") -> 6144662 | BN14: 6148983 | BO14: =IFERROR((BN14-BM14)," ") -> 4321
A15: =MONTH(B15) -> 1 | B15: 46033 | C15: 38 | D15: =IFERROR(+G15/(C15*3.6)," ") -> 13.311404 | E15: =IF(F15>0,F14," ") -> 3754944 | F15: 3756765 | G15: =IFERROR((F15-E15)," ") -> 1821 | H15: 25 | I15: =IFERROR(+L15/(H15*3.6)," ") -> 0 | J15: =IF(K15>0,K14," ") -> 1970853 | K15: 1970853 | L15: =IFERROR((K15-J15)," ") -> 0 | M15: 38 | N15: =IFERROR(+Q15/(M15*3.6)," ") -> 0 | O15: =IF(P15>0,P14," ") -> 414403 | P15: 414403 | Q15: =IFERROR((P15-O15)," ") -> 0 | R15: =+BDFUENTES[[#This Row],[PZ MED m3/día]]/3.6/BDFUENTES[[#This Row],[PZ MED Horas Activo]] -> 29.411765 | S15: 17 | T15: =IF(U15>0,U14," ") -> 233179 | U15: 234979 | V15: =IFERROR((U15-T15)," ") -> 1800 | W15: =IFERROR((AA15/X15)/3.6," ") -> 360.19676 | X15: 24 | Y15: =IF(Z15>0,Z14," ") -> 988489 | Z15: 1021410 | AA15: =IFERROR((Z15-Y15)," ")-1800 -> 31121 | AB15: =IFERROR(ROUNDDOWN(+AF15/(AC15*3.6),0)," ") -> 73 | AC15: 24 | AD15: =IF(AE15>0,AE14," ") -> 5117791 | AE15: 5124148 | AF15: =IFERROR((AE15-AD15)," ") -> 6357 | AG15: 20 | AH15: 24 | AK15: =IF(OR(AH15="",AG15=""),"",AH15*AG15*3.6) -> 1728 | AL15: =+BDFUENTES[[#This Row],[PZ CHB m3/día]]/3.6/BDFUENTES[[#This Row],[PZ CHB Horas Activo]] -> 38.011696 | AM15: 19 | AN15: =IF(AO15>0,AO14," ") -> 3533662 | AO15: 3536262 | AP15: =IFERROR((AO15-AN15)," ") -> 2600 | AR15: =IFERROR(+AU15/(AQ15*3.6)," ") | AS15: =IF(AT15>0,AT14," ") | AU15: =IFERROR((AT15-AS15)," ") | AV15: =+BDFUENTES[[#This Row],[PZ TM m3/día]]/3.6/BDFUENTES[[#This Row],[PZ TM Horas Activo]] -> 11.259259 | AW15: 15 | AX15: =IF(AY15>0,AY14," ") -> 570660 | AY15: 571268 | AZ15: =IFERROR((AY15-AX15)," ") -> 608 | BA15: 125 | BB15: =IFERROR(+BE15/(BA15*3.6)," ") -> 4.1222222 | BC15: =IF(BD15>0,BD14," ") -> 5886934 | BD15: 5888789 | BE15: =IFERROR((BD15-BC15)," ") -> 1855 | BF15: 20 | BG15: =IFERROR(+BJ15/(BF15*3.6)," ") -> 17.583333 | BH15: =IF(BI15>0,BI14," ") -> 1538981 | BI15: 1540247 | BJ15: =IFERROR((BI15-BH15)," ") -> 1266 | BK15: 70 | BL15: =IFERROR(+BO15/(BK15*3.6)," ") -> 18.507937 | BM15: =IF(BN15>0,BN14," ") -> 6148983 | BN15: 6153647 | BO15: =IFERROR((BN15-BM15)," ") -> 4664
A16: =MONTH(B16) -> 1 | B16: 46034 | C16: 38 | D16: =IFERROR(+G16/(C16*3.6)," ") -> 13.486842 | E16: =IF(F16>0,F15," ") -> 3756765 | F16: 3758610 | G16: =IFERROR((F16-E16)," ") -> 1845 | H16: 25 | I16: =IFERROR(+L16/(H16*3.6)," ") -> 0 | J16: =IF(K16>0,K15," ") -> 1970853 | K16: 1970853 | L16: =IFERROR((K16-J16)," ") -> 0 | M16: 38 | N16: =IFERROR(+Q16/(M16*3.6)," ") -> 0 | O16: =IF(P16>0,P15," ") -> 414403 | P16: 414403 | Q16: =IFERROR((P16-O16)," ") -> 0 | R16: =+BDFUENTES[[#This Row],[PZ MED m3/día]]/3.6/BDFUENTES[[#This Row],[PZ MED Horas Activo]] -> 28.402778 | S16: 20 | T16: =IF(U16>0,U15," ") -> 234979 | U16: 237024 | V16: =IFERROR((U16-T16)," ") -> 2045 | W16: =IFERROR((AA16/X16)/3.6," ") -> 359.74569 | X16: 22 | Y16: =IF(Z16>0,Z15," ") -> 1021410 | Z16: 1051946.9 | AA16: =IFERROR((Z16-Y16)," ")-2045 -> 28491.859 | AB16: =IFERROR(ROUNDDOWN(+AF16/(AC16*3.6),0)," ") -> 76 | AC16: 24 | AD16: =IF(AE16>0,AE15," ") -> 5124148 | AE16: 5130715 | AF16: =IFERROR((AE16-AD16)," ") -> 6567 | AG16: 20 | AH16: 24 | AK16: =IF(OR(AH16="",AG16=""),"",AH16*AG16*3.6) -> 1728 | AL16: =+BDFUENTES[[#This Row],[PZ CHB m3/día]]/3.6/BDFUENTES[[#This Row],[PZ CHB Horas Activo]] -> 39.444444 | AM16: 17 | AN16: =IF(AO16>0,AO15," ") -> 3536262 | AO16: 3538676 | AP16: =IFERROR((AO16-AN16)," ") -> 2414 | AR16: =IFERROR(+AU16/(AQ16*3.6)," ") | AS16: =IF(AT16>0,AT15," ") | AU16: =IFERROR((AT16-AS16)," ") | AV16: =+BDFUENTES[[#This Row],[PZ TM m3/día]]/3.6/BDFUENTES[[#This Row],[PZ TM Horas Activo]] -> 11.592593 | AW16: 15 | AX16: =IF(AY16>0,AY15," ") -> 571268 | AY16: 571894 | AZ16: =IFERROR((AY16-AX16)," ") -> 626 | BA16: 125 | BB16: =IFERROR(+BE16/(BA16*3.6)," ") -> 4.2022222 | BC16: =IF(BD16>0,BD15," ") -> 5888789 | BD16: 5890680 | BE16: =IFERROR((BD16-BC16)," ") -> 1891 | BF16: 20 | BG16: =IFERROR(+BJ16/(BF16*3.6)," ") -> 13.25 | BH16: =IF(BI16>0,BI15," ") -> 1540247 | BI16: 1541201 | BJ16: =IFERROR((BI16-BH16)," ") -> 954 | BK16: 70 | BL16: =IFERROR(+BO16/(BK16*3.6)," ") -> 14.888889 | BM16: =IF(BN16>0,BN15," ") -> 6153647 | BN16: 6157399 | BO16: =IFERROR((BN16-BM16)," ") -> 3752
A17: =MONTH(B17) -> 1 | B17: 46035 | C17: 38 | D17: =IFERROR(+G17/(C17*3.6)," ") -> 13.450292 | E17: =IF(F17>0,F16," ") -> 3758610 | F17: 3760450 | G17: =IFERROR((F17-E17)," ") -> 1840 | H17: 25 | I17: =IFERROR(+L17/(H17*3.6)," ") -> 0 | J17: =IF(K17>0,K16," ") -> 1970853 | K17: 1970853 | L17: =IFERROR((K17-J17)," ") -> 0 | M17: 38 | N17: =IFERROR(+Q17/(M17*3.6)," ") -> 0 | O17: =IF(P17>0,P16," ") -> 414403 | P17: 414403 | Q17: =IFERROR((P17-O17)," ") -> 0 | R17: =+BDFUENTES[[#This Row],[PZ MED m3/día]]/3.6/BDFUENTES[[#This Row],[PZ MED Horas Activo]] -> 28.425926 | S17: 18 | T17: =IF(U17>0,U16," ") -> 237024 | U17: 238866 | V17: =IFERROR((U17-T17)," ") -> 1842 | W17: =IFERROR((AA17/X17)/3.6," ") -> 199.417 | X17: 24 | Y17: =IF(Z17>0,Z16," ") -> 1051946.9 | Z17: 1071018.5 | AA17: =IFERROR((Z17-Y17)," ")-1842 -> 17229.629 | AB17: =IFERROR(ROUNDDOWN(+AF17/(AC17*3.6),0)," ") -> 65 | AC17: 24 | AD17: =IF(AE17>0,AE16," ") -> 5130715 | AE17: 5136358 | AF17: =IFERROR((AE17-AD17)," ") -> 5643 | AG17: 20 | AH17: 24 | AK17: =IF(OR(AH17="",AG17=""),"",AH17*AG17*3.6) -> 1728 | AL17: =+BDFUENTES[[#This Row],[PZ CHB m3/día]]/3.6/BDFUENTES[[#This Row],[PZ CHB Horas Activo]] -> 38.395062 | AM17: 18 | AN17: =IF(AO17>0,AO16," ") -> 3538676 | AO17: 3541164 | AP17: =IFERROR((AO17-AN17)," ") -> 2488 | AR17: =IFERROR(+AU17/(AQ17*3.6)," ") | AS17: =IF(AT17>0,AT16," ") | AU17: =IFERROR((AT17-AS17)," ") | AV17: =+BDFUENTES[[#This Row],[PZ TM m3/día]]/3.6/BDFUENTES[[#This Row],[PZ TM Horas Activo]] -> 11.351852 | AW17: 15 | AX17: =IF(AY17>0,AY16," ") -> 571894 | AY17: 572507 | AZ17: =IFERROR((AY17-AX17)," ") -> 613 | BA17: 125 | BB17: =IFERROR(+BE17/(BA17*3.6)," ") -> 4.2044444 | BC17: =IF(BD17>0,BD16," ") -> 5890680 | BD17: 5892572 | BE17: =IFERROR((BD17-BC17)," ") -> 1892 | BF17: 20 | BG17: =IFERROR(+BJ17/(BF17*3.6)," ") -> 17.347222 | BH17: =IF(BI17>0,BI16," ") -> 1541201 | BI17: 1542450 | BJ17: =IFERROR((BI17-BH17)," ") -> 1249 | BK17: 70 | BL17: =IFERROR(+BO17/(BK17*3.6)," ") -> 6.765873 | BM17: =IF(BN17>0,BN16," ") -> 6157399 | BN17: 6159104 | BO17: =IFERROR((BN17-BM17)," ") -> 1705
A18: =MONTH(B18) -> 1 | B18: 46036 | C18: 38 | D18: =IFERROR(+G18/(C18*3.6)," ") -> 13.245614 | E18: =IF(F18>0,F17," ") -> 3760450 | F18: 3762262 | G18: =IFERROR((F18-E18)," ") -> 1812 | H18: 25 | I18: =IFERROR(+L18/(H18*3.6)," ") -> 0 | J18: =IF(K18>0,K17," ") -> 1970853 | K18: 1970853 | L18: =IFERROR((K18-J18)," ") -> 0 | M18: 38 | N18: =IFERROR(+Q18/(M18*3.6)," ") -> 0 | O18: =IF(P18>0,P17," ") -> 414403 | P18: 414403 | Q18: =IFERROR((P18-O18)," ") -> 0 | R18: =+BDFUENTES[[#This Row],[PZ MED m3/día]]/3.6/BDFUENTES[[#This Row],[PZ MED Horas Activo]] -> 27.401961 | S18: 17 | T18: =IF(U18>0,U17," ") -> 238866 | U18: 240543 | V18: =IFERROR((U18-T18)," ") -> 1677 | W18: =IFERROR((AA18/X18)/3.6," ") -> 281.48113 | X18: 24 | Y18: =IF(Z18>0,Z17," ") -> 1071018.5 | Z18: 1097015.5 | AA18: =IFERROR((Z18-Y18)," ")-1677 -> 24319.97 | AB18: =IFERROR(ROUNDDOWN(+AF18/(AC18*3.6),0)," ") -> 65 | AC18: 24 | AD18: =IF(AE18>0,AE17," ") -> 5136358 | AE18: 5141977 | AF18: =IFERROR((AE18-AD18)," ") -> 5619 | AG18: 20 | AH18: 24 | AK18: =IF(OR(AH18="",AG18=""),"",AH18*AG18*3.6) -> 1728 | AL18: =+BDFUENTES[[#This Row],[PZ CHB m3/día]]/3.6/BDFUENTES[[#This Row],[PZ CHB Horas Activo]] -> 38.117284 | AM18: 18 | AN18: =IF(AO18>0,AO17," ") -> 3541164 | AO18: 3543634 | AP18: =IFERROR((AO18-AN18)," ") -> 2470 | AR18: =IFERROR(+AU18/(AQ18*3.6)," ") | AS18: =IF(AT18>0,AT17," ") | AU18: =IFERROR((AT18-AS18)," ") | AV18: =+BDFUENTES[[#This Row],[PZ TM m3/día]]/3.6/BDFUENTES[[#This Row],[PZ TM Horas Activo]] -> 10.555556 | AW18: 14 | AX18: =IF(AY18>0,AY17," ") -> 572507 | AY18: 573039 | AZ18: =IFERROR((AY18-AX18)," ") -> 532 | BA18: 125 | BB18: =IFERROR(+BE18/(BA18*3.6)," ") -> 4.32 | BC18: =IF(BD18>0,BD17," ") -> 5892572 | BD18: 5894516 | BE18: =IFERROR((BD18-BC18)," ") -> 1944 | BF18: 20 | BG18: =IFERROR(+BJ18/(BF18*3.6)," ") -> 17.652778 | BH18: =IF(BI18>0,BI17," ") -> 1542450 | BI18: 1543721 | BJ18: =IFERROR((BI18-BH18)," ") -> 1271 | BK18: 70 | BL18: =IFERROR(+BO18/(BK18*3.6)," ") -> 12.103175 | BM18: =IF(BN18>0,BN17," ") -> 6159104 | BN18: 6162154 | BO18: =IFERROR((BN18-BM18)," ") -> 3050
A19: =MONTH(B19) -> 1 | B19: 46037 | C19: 38 | D19: =IFERROR(+G19/(C19*3.6)," ") -> 13.114035 | E19: =IF(F19>0,F18," ") -> 3762262 | F19: 3764056 | G19: =IFERROR((F19-E19)," ") -> 1794 | H19: 25 | I19: =IFERROR(+L19/(H19*3.6)," ") -> 0 | J19: =IF(K19>0,K18," ") -> 1970853 | K19: 1970853 | L19: =IFERROR((K19-J19)," ") -> 0 | M19: 38 | N19: =IFERROR(+Q19/(M19*3.6)," ") -> 1.8494152 | O19: =IF(P19>0,P18," ") -> 414403 | P19: 414656 | Q19: =IFERROR((P19-O19)," ") -> 253 | R19: =+BDFUENTES[[#This Row],[PZ MED m3/día]]/3.6/BDFUENTES[[#This Row],[PZ MED Horas Activo]] -> 27.222222 | S19: 13 | T19: =IF(U19>0,U18," ") -> 240543 | U19: 241817 | V19: =IFERROR((U19-T19)," ") -> 1274 | W19: =IFERROR((AA19/X19)/3.6," ") -> 268.5075 | X19: 24 | Y19: =IF(Z19>0,Z18," ") -> 1097015.5 | Z19: 1121488.5 | AA19: =IFERROR((Z19-Y19)," ")-1274 -> 23199.048 | AB19: =IFERROR(ROUNDDOWN(+AF19/(AC19*3.6),0)," ") -> 61 | AC19: 24 | AD19: =IF(AE19>0,AE18," ") -> 5141977 | AE19: 5147251 | AF19: =IFERROR((AE19-AD19)," ") -> 5274 | AG19: 20 | AH19: 24 | AK19: =IF(OR(AH19="",AG19=""),"",AH19*AG19*3.6) -> 1728 | AL19: =+BDFUENTES[[#This Row],[PZ CHB m3/día]]/3.6/BDFUENTES[[#This Row],[PZ CHB Horas Activo]] -> 37.962963 | AM19: 18 | AN19: =IF(AO19>0,AO18," ") -> 3543634 | AO19: 3546094 | AP19: =IFERROR((AO19-AN19)," ") -> 2460 | AR19: =IFERROR(+AU19/(AQ19*3.6)," ") | AS19: =IF(AT19>0,AT18," ") | AU19: =IFERROR((AT19-AS19)," ") | AV19: =+BDFUENTES[[#This Row],[PZ TM m3/día]]/3.6/BDFUENTES[[#This Row],[PZ TM Horas Activo]] -> 11.611111 | AW19: 15 | AX19: =IF(AY19>0,AY18," ") -> 573039 | AY19: 573666 | AZ19: =IFERROR((AY19-AX19)," ") -> 627 | BA19: 125 | BB19: =IFERROR(+BE19/(BA19*3.6)," ") -> 4.72 | BC19: =IF(BD19>0,BD18," ") -> 5894516 | BD19: 5896640 | BE19: =IFERROR((BD19-BC19)," ") -> 2124 | BF19: 20 | BG19: =IFERROR(+BJ19/(BF19*3.6)," ") -> 17.972222 | BH19: =IF(BI19>0,BI18," ") -> 1543721 | BI19: 1545015 | BJ19: =IFERROR((BI19-BH19)," ") -> 1294 | BK19: 70 | BL19: =IFERROR(+BO19/(BK19*3.6)," ") -> 11.392857 | BM19: =IF(BN19>0,BN18," ") -> 6162154 | BN19: 6165025 | BO19: =IFERROR((BN19-BM19)," ") -> 2871
A20: =MONTH(B20) -> 1 | B20: 46038 | C20: 38 | D20: =IFERROR(+G20/(C20*3.6)," ") -> 13.428363 | E20: =IF(F20>0,F19," ") -> 3764056 | F20: 3765893 | G20: =IFERROR((F20-E20)," ") -> 1837 | H20: 25 | I20: =IFERROR(+L20/(H20*3.6)," ") -> 0 | J20: =IF(K20>0,K19," ") -> 1970853 | K20: 1970853 | L20: =IFERROR((K20-J20)," ") -> 0 | M20: 38 | N20: =IFERROR(+Q20/(M20*3.6)," ") -> 0 | O20: =IF(P20>0,P19," ") -> 414656 | P20: 414656 | Q20: =IFERROR((P20-O20)," ") -> 0 | R20: =+BDFUENTES[[#This Row],[PZ MED m3/día]]/3.6/BDFUENTES[[#This Row],[PZ MED Horas Activo]] -> 28.300654 | S20: 17 | T20: =IF(U20>0,U19," ") -> 241817 | U20: 243549 | V20: =IFERROR((U20-T20)," ") -> 1732 | W20: =IFERROR((AA20/X20)/3.6," ") -> 305.31822 | X20: 24 | Y20: =IF(Z20>0,Z19," ") -> 1121488.5 | Z20: 1149600 | AA20: =IFERROR((Z20-Y20)," ")-1732 -> 26379.494 | AB20: =IFERROR(ROUNDDOWN(+AF20/(AC20*3.6),0)," ") -> 58 | AC20: 24 | AD20: =IF(AE20>0,AE19," ") -> 5147251 | AE20: 5152286 | AF20: =IFERROR((AE20-AD20)," ") -> 5035 | AG20: 20 | AH20: 24 | AK20: =IF(OR(AH20="",AG20=""),"",AH20*AG20*3.6) -> 1728 | AL20: =+BDFUENTES[[#This Row],[PZ CHB m3/día]]/3.6/BDFUENTES[[#This Row],[PZ CHB Horas Activo]] -> 38.72807 | AM20: 19 | AN20: =IF(AO20>0,AO19," ") -> 3546094 | AO20: 3548743 | AP20: =IFERROR((AO20-AN20)," ") -> 2649 | AR20: =IFERROR(+AU20/(AQ20*3.6)," ") | AS20: =IF(AT20>0,AT19," ") | AU20: =IFERROR((AT20-AS20)," ") | AV20: =+BDFUENTES[[#This Row],[PZ TM m3/día]]/3.6/BDFUENTES[[#This Row],[PZ TM Horas Activo]] -> 11.648148 | AW20: 15 | AX20: =IF(AY20>0,AY19," ") -> 573666 | AY20: 574295 | AZ20: =IFERROR((AY20-AX20)," ") -> 629 | BA20: 125 | BB20: =IFERROR(+BE20/(BA20*3.6)," ") -> 4.5111111 | BC20: =IF(BD20>0,BD19," ") -> 5896640 | BD20: 5898670 | BE20: =IFERROR((BD20-BC20)," ") -> 2030 | BF20: 20 | BG20: =IFERROR(+BJ20/(BF20*3.6)," ") -> 17.041667 | BH20: =IF(BI20>0,BI19," ") -> 1545015 | BI20: 1546242 | BJ20: =IFERROR((BI20-BH20)," ") -> 1227 | BK20: 70 | BL20: =IFERROR(+BO20/(BK20*3.6)," ") -> 11.734127 | BM20: =IF(BN20>0,BN19," ") -> 6165025 | BN20: 6167982 | BO20: =IFERROR((BN20-BM20)," ") -> 2957
A21: =MONTH(B21) -> 1 | B21: 46039 | C21: 38 | D21: =IFERROR(+G21/(C21*3.6)," ") -> 13.450292 | E21: =IF(F21>0,F20," ") -> 3765893 | F21: 3767733 | G21: =IFERROR((F21-E21)," ") -> 1840 | H21: 25 | I21: =IFERROR(+L21/(H21*3.6)," ") -> 0 | J21: =IF(K21>0,K20," ") -> 1970853 | K21: 1970853 | L21: =IFERROR((K21-J21)," ") -> 0 | M21: 38 | N21: =IFERROR(+Q21/(M21*3.6)," ") -> 0 | O21: =IF(P21>0,P20," ") -> 414656 | P21: 414656 | Q21: =IFERROR((P21-O21)," ") -> 0 | R21: =+BDFUENTES[[#This Row],[PZ MED m3/día]]/3.6/BDFUENTES[[#This Row],[PZ MED Horas Activo]] -> 28.347953 | S21: 19 | T21: =IF(U21>0,U20," ") -> 243549 | U21: 245488 | V21: =IFERROR((U21-T21)," ") -> 1939 | W21: =IFERROR((AA21/X21)/3.6," ") -> 323.27546 | X21: 24 | Y21: =IF(Z21>0,Z20," ") -> 1149600 | Z21: 1179470 | AA21: =IFERROR((Z21-Y21)," ")-1939 -> 27931 | AB21: =IFERROR(ROUNDDOWN(+AF21/(AC21*3.6),0)," ") -> 57 | AC21: 23 | AD21: =IF(AE21>0,AE20," ") -> 5152286 | AE21: 5157086 | AF21: =IFERROR((AE21-AD21)," ") -> 4800 | AG21: 20 | AH21: 24 | AK21: =IF(OR(AH21="",AG21=""),"",AH21*AG21*3.6) -> 1728 | AL21: =+BDFUENTES[[#This Row],[PZ CHB m3/día]]/3.6/BDFUENTES[[#This Row],[PZ CHB Horas Activo]] -> 37.947531 | AM21: 18 | AN21: =IF(AO21>0,AO20," ") -> 3548743 | AO21: 3551202 | AP21: =IFERROR((AO21-AN21)," ") -> 2459 | AR21: =IFERROR(+AU21/(AQ21*3.6)," ") | AS21: =IF(AT21>0,AT20," ") | AU21: =IFERROR((AT21-AS21)," ") | AV21: =+BDFUENTES[[#This Row],[PZ TM m3/día]]/3.6/BDFUENTES[[#This Row],[PZ TM Horas Activo]] -> 11.5 | AW21: 15 | AX21: =IF(AY21>0,AY20," ") -> 574295 | AY21: 574916 | AZ21: =IFERROR((AY21-AX21)," ") -> 621 | BA21: 125 | BB21: =IFERROR(+BE21/(BA21*3.6)," ") -> 4.0777778 | BC21: =IF(BD21>0,BD20," ") -> 5898670 | BD21: 5900505 | BE21: =IFERROR((BD21-BC21)," ") -> 1835 | BF21: 20 | BG21: =IFERROR(+BJ21/(BF21*3.6)," ") -> 16.791667 | BH21: =IF(BI21>0,BI20," ") -> 1546242 | BI21: 1547451 | BJ21: =IFERROR((BI21-BH21)," ") -> 1209 | BK21: 70 | BL21: =IFERROR(+BO21/(BK21*3.6)," ") -> 16.65873 | BM21: =IF(BN21>0,BN20," ") -> 6167982 | BN21: 6172180 | BO21: =IFERROR((BN21-BM21)," ") -> 4198
A22: =MONTH(B22) -> 1 | B22: 46040 | C22: 38 | D22: =IFERROR(+G22/(C22*3.6)," ") -> 13.230994 | E22: =IF(F22>0,F21," ") -> 3767733 | F22: 3769543 | G22: =IFERROR((F22-E22)," ") -> 1810 | H22: 25 | I22: =IFERROR(+L22/(H22*3.6)," ") -> 0 | J22: =IF(K22>0,K21," ") -> 1970853 | K22: 1970853 | L22: =IFERROR((K22-J22)," ") -> 0 | M22: 38 | N22: =IFERROR(+Q22/(M22*3.6)," ") -> 0 | O22: =IF(P22>0,P21," ") -> 414656 | P22: 414656 | Q22: =IFERROR((P22-O22)," ") -> 0 | R22: =+BDFUENTES[[#This Row],[PZ MED m3/día]]/3.6/BDFUENTES[[#This Row],[PZ MED Horas Activo]] -> 27.777778 | S22: 0.01 | T22: =IF(U22>0,U21," ") -> 245488 | U22: 245489 | V22: =IFERROR((U22-T22)," ") -> 1 | W22: =IFERROR((AA22/X22)/3.6," ") -> 372.53878 | X22: 24 | Y22: =IF(Z22>0,Z21," ") -> 1179470 | Z22: 1211657.4 | AA22: =IFERROR((Z22-Y22)," ") -> 32187.35 | AB22: =IFERROR(ROUNDDOWN(+AF22/(AC22*3.6),0)," ") -> 60 | AC22: 19 | AD22: =IF(AE22>0,AE21," ") -> 5157086 | AE22: 5161200 | AF22: =IFERROR((AE22-AD22)," ") -> 4114 | AG22: 20 | AH22: 24 | AK22: =IF(OR(AH22="",AG22=""),"",AH22*AG22*3.6) -> 1728 | AL22: =+BDFUENTES[[#This Row],[PZ CHB m3/día]]/3.6/BDFUENTES[[#This Row],[PZ CHB Horas Activo]] -> 38.564815 | AM22: 18 | AN22: =IF(AO22>0,AO21," ") -> 3551202 | AO22: 3553701 | AP22: =IFERROR((AO22-AN22)," ") -> 2499 | AR22: =IFERROR(+AU22/(AQ22*3.6)," ") | AS22: =IF(AT22>0,AT21," ") | AU22: =IFERROR((AT22-AS22)," ") | AV22: =+BDFUENTES[[#This Row],[PZ TM m3/día]]/3.6/BDFUENTES[[#This Row],[PZ TM Horas Activo]] -> 11.148148 | AW22: 15 | AX22: =IF(AY22>0,AY21," ") -> 574916 | AY22: 575518 | AZ22: =IFERROR((AY22-AX22)," ") -> 602 | BA22: 125 | BB22: =IFERROR(+BE22/(BA22*3.6)," ") -> 4.1377778 | BC22: =IF(BD22>0,BD21," ") -> 5900505 | BD22: 5902367 | BE22: =IFERROR((BD22-BC22)," ") -> 1862 | BF22: 20 | BG22: =IFERROR(+BJ22/(BF22*3.6)," ") -> 16.208333 | BH22: =IF(BI22>0,BI21," ") -> 1547451 | BI22: 1548618 | BJ22: =IFERROR((BI22-BH22)," ") -> 1167 | BK22: 70 | BL22: =IFERROR(+BO22/(BK22*3.6)," ") -> 14.507937 | BM22: =IF(BN22>0,BN21," ") -> 6172180 | BN22: 6175836 | BO22: =IFERROR((BN22-BM22)," ") -> 3656
A23: =MONTH(B23) -> 1 | B23: 46041 | C23: 38 | D23: =IFERROR(+G23/(C23*3.6)," ") -> 13.377193 | E23: =IF(F23>0,F22," ") -> 3769543 | F23: 3771373 | G23: =IFERROR((F23-E23)," ") -> 1830 | H23: 25 | I23: =IFERROR(+L23/(H23*3.6)," ") -> 0 | J23: =IF(K23>0,K22," ") -> 1970853 | K23: 1970853 | L23: =IFERROR((K23-J23)," ") -> 0 | M23: 38 | N23: =IFERROR(+Q23/(M23*3.6)," ") -> 0 | O23: =IF(P23>0,P22," ") -> 414656 | P23: 414656 | Q23: =IFERROR((P23-O23)," ") -> 0 | R23: =+BDFUENTES[[#This Row],[PZ MED m3/día]]/3.6/BDFUENTES[[#This Row],[PZ MED Horas Activo]] -> 27.700617 | S23: 18 | T23: =IF(U23>0,U22," ") -> 245489 | U23: 247284 | V23: =IFERROR((U23-T23)," ") -> 1795 | W23: =IFERROR((AA23/X23)/3.6," ") -> 265.97974 | X23: 24 | Y23: =IF(Z23>0,Z22," ") -> 1211657.4 | Z23: 1236433 | AA23: =IFERROR((Z23-Y23)," ")-1795 -> 22980.65 | AB23: =IFERROR(ROUNDDOWN(+AF23/(AC23*3.6),0)," ") -> 58 | AC23: 15 | AD23: =IF(AE23>0,AE22," ") -> 5161200 | AE23: 5164362 | AF23: =IFERROR((AE23-AD23)," ") -> 3162 | AG23: 20 | AH23: 24 | AK23: =IF(OR(AH23="",AG23=""),"",AH23*AG23*3.6) -> 1728 | AL23: =+BDFUENTES[[#This Row],[PZ CHB m3/día]]/3.6/BDFUENTES[[#This Row],[PZ CHB Horas Activo]] -> 38.302469 | AM23: 18 | AN23: =IF(AO23>0,AO22," ") -> 3553701 | AO23: 3556183 | AP23: =IFERROR((AO23-AN23)," ") -> 2482 | AR23: =IFERROR(+AU23/(AQ23*3.6)," ") | AS23: =IF(AT23>0,AT22," ") | AU23: =IFERROR((AT23-AS23)," ") | AV23: =+BDFUENTES[[#This Row],[PZ TM m3/día]]/3.6/BDFUENTES[[#This Row],[PZ TM Horas Activo]] -> 11.289683 | AW23: 14 | AX23: =IF(AY23>0,AY22," ") -> 575518 | AY23: 576087 | AZ23: =IFERROR((AY23-AX23)," ") -> 569 | BA23: 125 | BB23: =IFERROR(+BE23/(BA23*3.6)," ") -> 4.1688889 | BC23: =IF(BD23>0,BD22," ") -> 5902367 | BD23: 5904243 | BE23: =IFERROR((BD23-BC23)," ") -> 1876 | BF23: 20 | BG23: =IFERROR(+BJ23/(BF23*3.6)," ") -> 16.222222 | BH23: =IF(BI23>0,BI22," ") -> 1548618 | BI23: 1549786 | BJ23: =IFERROR((BI23-BH23)," ") -> 1168 | BK23: 70 | BL23: =IFERROR(+BO23/(BK23*3.6)," ") -> 5.0515873 | BM23: =IF(BN23>0,BN22," ") -> 6175836 | BN23: 6177109 | BO23: =IFERROR((BN23-BM23)," ") -> 1273
A24: =MONTH(B24) -> 1 | B24: 46042 | C24: 38 | D24: =IFERROR(+G24/(C24*3.6)," ") -> 13.464912 | E24: =IF(F24>0,F23," ") -> 3771373 | F24: 3773215 | G24: =IFERROR((F24-E24)," ") -> 1842 | H24: 25 | I24: =IFERROR(+L24/(H24*3.6)," ") -> 0 | J24: =IF(K24>0,K23," ") -> 1970853 | K24: 1970853 | L24: =IFERROR((K24-J24)," ") -> 0 | M24: 38 | N24: =IFERROR(+Q24/(M24*3.6)," ") -> 0 | O24: =IF(P24>0,P23," ") -> 414656 | P24: 414656 | Q24: =IFERROR((P24-O24)," ") -> 0 | R24: =+BDFUENTES[[#This Row],[PZ MED m3/día]]/3.6/BDFUENTES[[#This Row],[PZ MED Horas Activo]] -> 28.494152 | S24: 19 | T24: =IF(U24>0,U23," ") -> 247284 | U24: 249233 | V24: =IFERROR((U24-T24)," ") -> 1949 | W24: =IFERROR((AA24/X24)/3.6," ") -> 339.37074 | X24: 24 | Y24: =IF(Z24>0,Z23," ") -> 1236433 | Z24: 1267703.6 | AA24: =IFERROR((Z24-Y24)," ")-1949 -> 29321.632 | AB24: =IFERROR(ROUNDDOWN(+AF24/(AC24*3.6),0)," ") -> 52 | AC24: 23.3 | AD24: =IF(AE24>0,AE23," ") -> 5164362 | AE24: 5168753 | AF24: =IFERROR((AE24-AD24)," ") -> 4391 | AG24: 20 | AH24: 24 | AK24: =IF(OR(AH24="",AG24=""),"",AH24*AG24*3.6) -> 1728 | AL24: =+BDFUENTES[[#This Row],[PZ CHB m3/día]]/3.6/BDFUENTES[[#This Row],[PZ CHB Horas Activo]] -> 38.796296 | AM24: 18 | AN24: =IF(AO24>0,AO23," ") -> 3556183 | AO24: 3558697 | AP24: =IFERROR((AO24-AN24)," ") -> 2514 | AR24: =IFERROR(+AU24/(AQ24*3.6)," ") | AS24: =IF(AT24>0,AT23," ") | AU24: =IFERROR((AT24-AS24)," ") | AV24: =+BDFUENTES[[#This Row],[PZ TM m3/día]]/3.6/BDFUENTES[[#This Row],[PZ TM Horas Activo]] -> 11.777778 | AW24: 15 | AX24: =IF(AY24>0,AY23," ") -> 576087 | AY24: 576723 | AZ24: =IFERROR((AY24-AX24)," ") -> 636 | BA24: 125 | BB24: =IFERROR(+BE24/(BA24*3.6)," ") -> 4.0888889 | BC24: =IF(BD24>0,BD23," ") -> 5904243 | BD24: 5906083 | BE24: =IFERROR((BD24-BC24)," ") -> 1840 | BF24: 20 | BG24: =IFERROR(+BJ24/(BF24*3.6)," ") -> 8.3472222 | BH24: =IF(BI24>0,BI23," ") -> 1549786 | BI24: 1550387 | BJ24: =IFERROR((BI24-BH24)," ") -> 601 | BK24: 70 | BL24: =IFERROR(+BO24/(BK24*3.6)," ") -> 17.123016 | BM24: =IF(BN24>0,BN23," ") -> 6177109 | BN24: 6181424 | BO24: =IFERROR((BN24-BM24)," ") -> 4315
A25: =MONTH(B25) -> 1 | B25: 46043 | C25: 38 | D25: =IFERROR(+G25/(C25*3.6)," ") -> 13.267544 | E25: =IF(F25>0,F24," ") -> 3773215 | F25: 3775030 | G25: =IFERROR((F25-E25)," ") -> 1815 | H25: 25 | I25: =IFERROR(+L25/(H25*3.6)," ") -> 0 | J25: =IF(K25>0,K24," ") -> 1970853 | K25: 1970853 | L25: =IFERROR((K25-J25)," ") -> 0 | M25: 38 | N25: =IFERROR(+Q25/(M25*3.6)," ") -> 0 | O25: =IF(P25>0,P24," ") -> 414656 | P25: 414656 | Q25: =IFERROR((P25-O25)," ") -> 0 | R25: =+BDFUENTES[[#This Row],[PZ MED m3/día]]/3.6/BDFUENTES[[#This Row],[PZ MED Horas Activo]] -> 28.777778 | S25: 20 | T25: =IF(U25>0,U24," ") -> 249233 | U25: 251305 | V25: =IFERROR((U25-T25)," ") -> 2072 | W25: =IFERROR((AA25/X25)/3.6," ") -> 389.44394 | X25: 24 | Y25: =IF(Z25>0,Z24," ") -> 1267703.6 | Z25: 1303300.6 | AA25: =IFERROR((Z25-Y25)," ")-1949 -> 33647.957 | AB25: =IFERROR(ROUNDDOWN(+AF25/(AC25*3.6),0)," ") -> 69 | AC25: 13 | AD25: =IF(AE25>0,AE24," ") -> 5168753 | AE25: 5171997 | AF25: =IFERROR((AE25-AD25)," ") -> 3244 | AG25: 20 | AH25: 24 | AK25: =IF(OR(AH25="",AG25=""),"",AH25*AG25*3.6) -> 1728 | AL25: =+BDFUENTES[[#This Row],[PZ CHB m3/día]]/3.6/BDFUENTES[[#This Row],[PZ CHB Horas Activo]] -> 38.348765 | AM25: 18 | AN25: =IF(AO25>0,AO24," ") -> 3558697 | AO25: 3561182 | AP25: =IFERROR((AO25-AN25)," ") -> 2485 | AR25: =IFERROR(+AU25/(AQ25*3.6)," ") | AS25: =IF(AT25>0,AT24," ") | AU25: =IFERROR((AT25-AS25)," ") | AV25: =+BDFUENTES[[#This Row],[PZ TM m3/día]]/3.6/BDFUENTES[[#This Row],[PZ TM Horas Activo]] -> 11.444444 | AW25: 15 | AX25: =IF(AY25>0,AY24," ") -> 576723 | AY25: 577341 | AZ25: =IFERROR((AY25-AX25)," ") -> 618 | BA25: 125 | BB25: =IFERROR(+BE25/(BA25*3.6)," ") -> 4.1866667 | BC25: =IF(BD25>0,BD24," ") -> 5906083 | BD25: 5907967 | BE25: =IFERROR((BD25-BC25)," ") -> 1884 | BF25: 20 | BG25: =IFERROR(+BJ25/(BF25*3.6)," ") -> 13.569444 | BH25: =IF(BI25>0,BI24," ") -> 1550387 | BI25: 1551364 | BJ25: =IFERROR((BI25-BH25)," ") -> 977 | BK25: 70 | BL25: =IFERROR(+BO25/(BK25*3.6)," ") -> 18.833333 | BM25: =IF(BN25>0,BN24," ") -> 6181424 | BN25: 6186170 | BO25: =IFERROR((BN25-BM25)," ") -> 4746
A26: =MONTH(B26) -> 1 | B26: 46044 | C26: 38 | D26: =IFERROR(+G26/(C26*3.6)," ") -> 13.296784 | E26: =IF(F26>0,F25," ") -> 3775030 | F26: 3776849 | G26: =IFERROR((F26-E26)," ") -> 1819 | H26: 25 | I26: =IFERROR(+L26/(H26*3.6)," ") -> 0 | J26: =IF(K26>0,K25," ") -> 1970853 | K26: 1970853 | L26: =IFERROR((K26-J26)," ") -> 0 | M26: 38 | N26: =IFERROR(+Q26/(M26*3.6)," ") -> 0 | O26: =IF(P26>0,P25," ") -> 414656 | P26: 414656 | Q26: =IFERROR((P26-O26)," ") -> 0 | R26: =+BDFUENTES[[#This Row],[PZ MED m3/día]]/3.6/BDFUENTES[[#This Row],[PZ MED Horas Activo]] -> 28.533951 | S26: 18 | T26: =IF(U26>0,U25," ") -> 251305 | U26: 253154 | V26: =IFERROR((U26-T26)," ") -> 1849 | W26: =IFERROR((AA26/X26)/3.6," ") -> 372.7131 | X26: 24 | Y26: =IF(Z26>0,Z25," ") -> 1303300.6 | Z26: 1337352 | AA26: =IFERROR((Z26-Y26)," ")-1849 -> 32202.412 | AB26: =IFERROR(ROUNDDOWN(+AF26/(AC26*3.6),0)," ") -> 63 | AC26: 24 | AD26: =IF(AE26>0,AE25," ") -> 5171997 | AE26: 5177487 | AF26: =IFERROR((AE26-AD26)," ") -> 5490 | AG26: 20 | AH26: 24 | AK26: =IF(OR(AH26="",AG26=""),"",AH26*AG26*3.6) -> 1728 | AL26: =+BDFUENTES[[#This Row],[PZ CHB m3/día]]/3.6/BDFUENTES[[#This Row],[PZ CHB Horas Activo]] -> 38.830409 | AM26: 19 | AN26: =IF(AO26>0,AO25," ") -> 3561182 | AO26: 3563838 | AP26: =IFERROR((AO26-AN26)," ") -> 2656 | AR26: =IFERROR(+AU26/(AQ26*3.6)," ") | AS26: =IF(AT26>0,AT25," ") | AU26: =IFERROR((AT26-AS26)," ") | AV26: =+BDFUENTES[[#This Row],[PZ TM m3/día]]/3.6/BDFUENTES[[#This Row],[PZ TM Horas Activo]] -> 11.685185 | AW26: 15 | AX26: =IF(AY26>0,AY25," ") -> 577341 | AY26: 577972 | AZ26: =IFERROR((AY26-AX26)," ") -> 631 | BA26: 125 | BB26: =IFERROR(+BE26/(BA26*3.6)," ") -> 4.16 | BC26: =IF(BD26>0,BD25," ") -> 5907967 | BD26: 5909839 | BE26: =IFERROR((BD26-BC26)," ") -> 1872 | BF26: 20 | BG26: =IFERROR(+BJ26/(BF26*3.6)," ") -> 17.333333 | BH26: =IF(BI26>0,BI25," ") -> 1551364 | BI26: 1552612 | BJ26: =IFERROR((BI26-BH26)," ") -> 1248 | BK26: 70 | BL26: =IFERROR(+BO26/(BK26*3.6)," ") -> 16.690476 | BM26: =IF(BN26>0,BN25," ") -> 6186170 | BN26: 6190376 | BO26: =IFERROR((BN26-BM26)," ") -> 4206
A27: =MONTH(B27) -> 1 | B27: 46045 | C27: 38 | D27: =IFERROR(+G27/(C27*3.6)," ") -> 13.282164 | E27: =IF(F27>0,F26," ") -> 3776849 | F27: 3778666 | G27: =IFERROR((F27-E27)," ") -> 1817 | H27: 25 | I27: =IFERROR(+L27/(H27*3.6)," ") -> 0 | J27: =IF(K27>0,K26," ") -> 1970853 | K27: 1970853 | L27: =IFERROR((K27-J27)," ") -> 0 | M27: 38 | N27: =IFERROR(+Q27/(M27*3.6)," ") -> 0 | O27: =IF(P27>0,P26," ") -> 414656 | P27: 414656 | Q27: =IFERROR((P27-O27)," ") -> 0 | R27: =+BDFUENTES[[#This Row],[PZ MED m3/día]]/3.6/BDFUENTES[[#This Row],[PZ MED Horas Activo]] -> 28.024691 | S27: 18 | T27: =IF(U27>0,U26," ") -> 253154 | U27: 254970 | V27: =IFERROR((U27-T27)," ") -> 1816 | W27: =IFERROR((AA27/X27)/3.6," ") -> 367.15863 | X27: 24 | Y27: =IF(Z27>0,Z26," ") -> 1337352 | Z27: 1370890.5 | AA27: =IFERROR((Z27-Y27)," ")-1816 -> 31722.506 | AB27: =IFERROR(ROUNDDOWN(+AF27/(AC27*3.6),0)," ") -> 67 | AC27: 24 | AD27: =IF(AE27>0,AE26," ") -> 5177487 | AE27: 5183284 | AF27: =IFERROR((AE27-AD27)," ") -> 5797 | AG27: 20 | AH27: 24 | AK27: =IF(OR(AH27="",AG27=""),"",AH27*AG27*3.6) -> 1728 | AL27: =+BDFUENTES[[#This Row],[PZ CHB m3/día]]/3.6/BDFUENTES[[#This Row],[PZ CHB Horas Activo]] -> 38.009259 | AM27: 18 | AN27: =IF(AO27>0,AO26," ") -> 3563838 | AO27: 3566301 | AP27: =IFERROR((AO27-AN27)," ") -> 2463 | AR27: =IFERROR(+AU27/(AQ27*3.6)," ") | AS27: =IF(AT27>0,AT26," ") | AU27: =IFERROR((AT27-AS27)," ") | AV27: =+BDFUENTES[[#This Row],[PZ TM m3/día]]/3.6/BDFUENTES[[#This Row],[PZ TM Horas Activo]] -> 11.574074 | AW27: 15 | AX27: =IF(AY27>0,AY26," ") -> 577972 | AY27: 578597 | AZ27: =IFERROR((AY27-AX27)," ") -> 625 | BA27: 125 | BB27: =IFERROR(+BE27/(BA27*3.6)," ") -> 4.2355556 | BC27: =IF(BD27>0,BD26," ") -> 5909839 | BD27: 5911745 | BE27: =IFERROR((BD27-BC27)," ") -> 1906 | BF27: 20 | BG27: =IFERROR(+BJ27/(BF27*3.6)," ") -> 4.3472222 | BH27: =IF(BI27>0,BI26," ") -> 1552612 | BI27: 1552925 | BJ27: =IFERROR((BI27-BH27)," ") -> 313 | BK27: 70 | BL27: =IFERROR(+BO27/(BK27*3.6)," ") -> 16.019841 | BM27: =IF(BN27>0,BN26," ") -> 6190376 | BN27: 6194413 | BO27: =IFERROR((BN27-BM27)," ") -> 4037
A28: =MONTH(B28) -> 1 | B28: 46046 | C28: 38 | D28: =IFERROR(+G28/(C28*3.6)," ") -> 13.428363 | E28: =IF(F28>0,F27," ") -> 3778666 | F28: 3780503 | G28: =IFERROR((F28-E28)," ") -> 1837 | H28: 25 | I28: =IFERROR(+L28/(H28*3.6)," ") -> 0 | J28: =IF(K28>0,K27," ") -> 1970853 | K28: 1970853 | L28: =IFERROR((K28-J28)," ") -> 0 | M28: 38 | N28: =IFERROR(+Q28/(M28*3.6)," ") -> 0 | O28: =IF(P28>0,P27," ") -> 414656 | P28: 414656 | Q28: =IFERROR((P28-O28)," ") -> 0 | R28: =+BDFUENTES[[#This Row],[PZ MED m3/día]]/3.6/BDFUENTES[[#This Row],[PZ MED Horas Activo]] -> 29.548611 | S28: 24 | T28: =IF(U28>0,U27," ") -> 254970 | U28: 257523 | V28: =IFERROR((U28-T28)," ") -> 2553 | W28: =IFERROR((AA28/X28)/3.6," ") -> 370.32631 | X28: 24 | Y28: =IF(Z28>0,Z27," ") -> 1370890.5 | Z28: 1405439.7 | AA28: =IFERROR((Z28-Y28)," ")-2553 -> 31996.193 | AB28: =IFERROR(ROUNDDOWN(+AF28/(AC28*3.6),0)," ") -> 69 | AC28: 24 | AD28: =IF(AE28>0,AE27," ") -> 5183284 | AE28: 5189330 | AF28: =IFERROR((AE28-AD28)," ") -> 6046 | AG28: 20 | AH28: 24 | AK28: =IF(OR(AH28="",AG28=""),"",AH28*AG28*3.6) -> 1728 | AL28: =+BDFUENTES[[#This Row],[PZ CHB m3/día]]/3.6/BDFUENTES[[#This Row],[PZ CHB Horas Activo]] -> 39.058642 | AM28: 18 | AN28: =IF(AO28>0,AO27," ") -> 3566301 | AO28: 3568832 | AP28: =IFERROR((AO28-AN28)," ") -> 2531 | AR28: =IFERROR(+AU28/(AQ28*3.6)," ") | AS28: =IF(AT28>0,AT27," ") | AU28: =IFERROR((AT28-AS28)," ") | AV28: =+BDFUENTES[[#This Row],[PZ TM m3/día]]/3.6/BDFUENTES[[#This Row],[PZ TM Horas Activo]] -> 11.351852 | AW28: 15 | AX28: =IF(AY28>0,AY27," ") -> 578597 | AY28: 579210 | AZ28: =IFERROR((AY28-AX28)," ") -> 613 | BA28: 125 | BB28: =IFERROR(+BE28/(BA28*3.6)," ") -> 4.1822222 | BC28: =IF(BD28>0,BD27," ") -> 5911745 | BD28: 5913627 | BE28: =IFERROR((BD28-BC28)," ") -> 1882 | BF28: 20 | BG28: =IFERROR(+BJ28/(BF28*3.6)," ") -> 18.527778 | BH28: =IF(BI28>0,BI27," ") -> 1552925 | BI28: 1554259 | BJ28: =IFERROR((BI28-BH28)," ") -> 1334 | BK28: 70 | BL28: =IFERROR(+BO28/(BK28*3.6)," ") -> 10.329365 | BM28: =IF(BN28>0,BN27," ") -> 6194413 | BN28: 6197016 | BO28: =IFERROR((BN28-BM28)," ") -> 2603
A29: =MONTH(B29) -> 1 | B29: 46047 | C29: 38 | D29: =IFERROR(+G29/(C29*3.6)," ") -> 13.318713 | E29: =IF(F29>0,F28," ") -> 3780503 | F29: 3782325 | G29: =IFERROR((F29-E29)," ") -> 1822 | H29: 25 | I29: =IFERROR(+L29/(H29*3.6)," ") -> 0 | J29: =IF(K29>0,K28," ") -> 1970853 | K29: 1970853 | L29: =IFERROR((K29-J29)," ") -> 0 | M29: 38 | N29: =IFERROR(+Q29/(M29*3.6)," ") -> 0 | O29: =IF(P29>0,P28," ") -> 414656 | P29: 414656 | Q29: =IFERROR((P29-O29)," ") -> 0 | R29: =+BDFUENTES[[#This Row],[PZ MED m3/día]]/3.6/BDFUENTES[[#This Row],[PZ MED Horas Activo]] -> 28.18287 | S29: 24 | T29: =IF(U29>0,U28," ") -> 257523 | U29: 259958 | V29: =IFERROR((U29-T29)," ") -> 2435 | W29: =IFERROR((AA29/X29)/3.6," ") -> 342.43404 | X29: 24 | Y29: =IF(Z29>0,Z28," ") -> 1405439.7 | Z29: 1437461 | AA29: =IFERROR((Z29-Y29)," ")-2435 -> 29586.301 | AB29: =IFERROR(ROUNDDOWN(+AF29/(AC29*3.6),0)," ") -> 77 | AC29: 24 | AD29: =IF(AE29>0,AE28," ") -> 5189330 | AE29: 5195998 | AF29: =IFERROR((AE29-AD29)," ") -> 6668 | AG29: 20 | AH29: 24 | AK29: =IF(OR(AH29="",AG29=""),"",AH29*AG29*3.6) -> 1728 | AL29: =+BDFUENTES[[#This Row],[PZ CHB m3/día]]/3.6/BDFUENTES[[#This Row],[PZ CHB Horas Activo]] -> 37.947531 | AM29: 18 | AN29: =IF(AO29>0,AO28," ") -> 3568832 | AO29: 3571291 | AP29: =IFERROR((AO29-AN29)," ") -> 2459 | AR29: =IFERROR(+AU29/(AQ29*3.6)," ") | AS29: =IF(AT29>0,AT28," ") | AU29: =IFERROR((AT29-AS29)," ") | AV29: =+BDFUENTES[[#This Row],[PZ TM m3/día]]/3.6/BDFUENTES[[#This Row],[PZ TM Horas Activo]] -> 11.166667 | AW29: 15 | AX29: =IF(AY29>0,AY28," ") -> 579210 | AY29: 579813 | AZ29: =IFERROR((AY29-AX29)," ") -> 603 | BA29: 125 | BB29: =IFERROR(+BE29/(BA29*3.6)," ") -> 4.0244444 | BC29: =IF(BD29>0,BD28," ") -> 5913627 | BD29: 5915438 | BE29: =IFERROR((BD29-BC29)," ") -> 1811 | BF29: 20 | BG29: =IFERROR(+BJ29/(BF29*3.6)," ") -> 16.486111 | BH29: =IF(BI29>0,BI28," ") -> 1554259 | BI29: 1555446 | BJ29: =IFERROR((BI29-BH29)," ") -> 1187 | BK29: 70 | BL29: =IFERROR(+BO29/(BK29*3.6)," ") -> 18.543651 | BM29: =IF(BN29>0,BN28," ") -> 6197016 | BN29: 6201689 | BO29: =IFERROR((BN29-BM29)," ") -> 4673
A30: =MONTH(B30) -> 1 | B30: 46048 | C30: 38 | D30: =IFERROR(+G30/(C30*3.6)," ") -> 12.872807 | E30: =IF(F30>0,F29," ") -> 3782325 | F30: 3784086 | G30: =IFERROR((F30-E30)," ") -> 1761 | H30: 25 | I30: =IFERROR(+L30/(H30*3.6)," ") -> 0 | J30: =IF(K30>0,K29," ") -> 1970853 | K30: 1970853 | L30: =IFERROR((K30-J30)," ") -> 0 | M30: 38 | N30: =IFERROR(+Q30/(M30*3.6)," ") -> 0 | O30: =IF(P30>0,P29," ") -> 414656 | P30: 414656 | Q30: =IFERROR((P30-O30)," ") -> 0 | R30: =+BDFUENTES[[#This Row],[PZ MED m3/día]]/3.6/BDFUENTES[[#This Row],[PZ MED Horas Activo]] -> 28.179012 | S30: 18 | T30: =IF(U30>0,U29," ") -> 259958 | U30: 261784 | V30: =IFERROR((U30-T30)," ") -> 1826 | W30: =IFERROR((AA30/X30)/3.6," ") -> 354.83057 | X30: 24 | Y30: =IF(Z30>0,Z29," ") -> 1437461 | Z30: 1469944.4 | AA30: =IFERROR((Z30-Y30)," ")-1826 -> 30657.361 | AB30: =IFERROR(ROUNDDOWN(+AF30/(AC30*3.6),0)," ") -> 69 | AC30: 24 | AD30: =IF(AE30>0,AE29," ") -> 5195998 | AE30: 5202017 | AF30: =IFERROR((AE30-AD30)," ") -> 6019 | AG30: 20 | AH30: 24 | AK30: =IF(OR(AH30="",AG30=""),"",AH30*AG30*3.6) -> 1728 | AL30: =+BDFUENTES[[#This Row],[PZ CHB m3/día]]/3.6/BDFUENTES[[#This Row],[PZ CHB Horas Activo]] -> 38.472222 | AM30: 18 | AN30: =IF(AO30>0,AO29," ") -> 3571291 | AO30: 3573784 | AP30: =IFERROR((AO30-AN30)," ") -> 2493 | AR30: =IFERROR(+AU30/(AQ30*3.6)," ") | AS30: =IF(AT30>0,AT29," ") | AU30: =IFERROR((AT30-AS30)," ") | AV30: =+BDFUENTES[[#This Row],[PZ TM m3/día]]/3.6/BDFUENTES[[#This Row],[PZ TM Horas Activo]] -> 11.72619 | AW30: 14 | AX30: =IF(AY30>0,AY29," ") -> 579813 | AY30: 580404 | AZ30: =IFERROR((AY30-AX30)," ") -> 591 | BA30: 125 | BB30: =IFERROR(+BE30/(BA30*3.6)," ") -> 4.1044444 | BC30: =IF(BD30>0,BD29," ") -> 5915438 | BD30: 5917285 | BE30: =IFERROR((BD30-BC30)," ") -> 1847 | BF30: 20 | BG30: =IFERROR(+BJ30/(BF30*3.6)," ") -> 8.4027778 | BH30: =IF(BI30>0,BI29," ") -> 1555446 | BI30: 1556051 | BJ30: =IFERROR((BI30-BH30)," ") -> 605 | BK30: 70 | BL30: =IFERROR(+BO30/(BK30*3.6)," ") -> 14.738095 | BM30: =IF(BN30>0,BN29," ") -> 6201689 | BN30: 6205403 | BO30: =IFERROR((BN30-BM30)," ") -> 3714
A31: =MONTH(B31) -> 1 | B31: 46049 | C31: 38 | D31: =IFERROR(+G31/(C31*3.6)," ") -> 13.589181 | E31: =IF(F31>0,F30," ") -> 3784086 | F31: 3785945 | G31: =IFERROR((F31-E31)," ") -> 1859 | H31: 25 | I31: =IFERROR(+L31/(H31*3.6)," ") -> 0 | J31: =IF(K31>0,K30," ") -> 1970853 | K31: 1970853 | L31: =IFERROR((K31-J31)," ") -> 0 | M31: 38 | N31: =IFERROR(+Q31/(M31*3.6)," ") -> 0 | O31: =IF(P31>0,P30," ") -> 414656 | P31: 414656 | Q31: =IFERROR((P31-O31)," ") -> 0 | R31: =+BDFUENTES[[#This Row],[PZ MED m3/día]]/3.6/BDFUENTES[[#This Row],[PZ MED Horas Activo]] -> 29.152778 | S31: 20 | T31: =IF(U31>0,U30," ") -> 261784 | U31: 263883 | V31: =IFERROR((U31-T31)," ") -> 2099 | W31: =IFERROR((AA31/X31)/3.6," ") -> 342.56479 | X31: 24 | Y31: =IF(Z31>0,Z30," ") -> 1469944.4 | Z31: 1501641 | AA31: =IFERROR((Z31-Y31)," ")-2099 -> 29597.598 | AB31: =IFERROR(ROUNDDOWN(+AF31/(AC31*3.6),0)," ") -> 73 | AC31: 24 | AD31: =IF(AE31>0,AE30," ") -> 5202017 | AE31: 5208378 | AF31: =IFERROR((AE31-AD31)," ") -> 6361 | AG31: 20 | AH31: 24 | AK31: =IF(OR(AH31="",AG31=""),"",AH31*AG31*3.6) -> 1728 | AL31: =+BDFUENTES[[#This Row],[PZ CHB m3/día]]/3.6/BDFUENTES[[#This Row],[PZ CHB Horas Activo]] -> 38.132716 | AM31: 18 | AN31: =IF(AO31>0,AO30," ") -> 3573784 | AO31: 3576255 | AP31: =IFERROR((AO31-AN31)," ") -> 2471 | AR31: =IFERROR(+AU31/(AQ31*3.6)," ") | AS31: =IF(AT31>0,AT30," ") | AU31: =IFERROR((AT31-AS31)," ") | AV31: =+BDFUENTES[[#This Row],[PZ TM m3/día]]/3.6/BDFUENTES[[#This Row],[PZ TM Horas Activo]] -> 11.351852 | AW31: 15 | AX31: =IF(AY31>0,AY30," ") -> 580404 | AY31: 581017 | AZ31: =IFERROR((AY31-AX31)," ") -> 613 | BA31: 125 | BB31: =IFERROR(+BE31/(BA31*3.6)," ") -> 4.14 | BC31: =IF(BD31>0,BD30," ") -> 5917285 | BD31: 5919148 | BE31: =IFERROR((BD31-BC31)," ") -> 1863 | BF31: 20 | BG31: =IFERROR(+BJ31/(BF31*3.6)," ") -> 16.888889 | BH31: =IF(BI31>0,BI30," ") -> 1556051 | BI31: 1557267 | BJ31: =IFERROR((BI31-BH31)," ") -> 1216 | BK31: 70 | BL31: =IFERROR(+BO31/(BK31*3.6)," ") -> 18.166667 | BM31: =IF(BN31>0,BN30," ") -> 6205403 | BN31: 6209981 | BO31: =IFERROR((BN31-BM31)," ") -> 4578
A32: =MONTH(B32) -> 1 | B32: 46050 | C32: 38 | D32: =IFERROR(+G32/(C32*3.6)," ") -> 13.055556 | E32: =IF(F32>0,F31," ") -> 3785945 | F32: 3787731 | G32: =IFERROR((F32-E32)," ") -> 1786 | H32: 25 | I32: =IFERROR(+L32/(H32*3.6)," ") -> 0 | J32: =IF(K32>0,K31," ") -> 1970853 | K32: 1970853 | L32: =IFERROR((K32-J32)," ") -> 0 | M32: 38 | N32: =IFERROR(+Q32/(M32*3.6)," ") -> 0 | O32: =IF(P32>0,P31," ") -> 414656 | P32: 414656 | Q32: =IFERROR((P32-O32)," ") -> 0 | R32: =+BDFUENTES[[#This Row],[PZ MED m3/día]]/3.6/BDFUENTES[[#This Row],[PZ MED Horas Activo]] -> 28.121693 | S32: 21 | T32: =IF(U32>0,U31," ") -> 263883 | U32: 266009 | V32: =IFERROR((U32-T32)," ") -> 2126 | W32: =IFERROR((AA32/X32)/3.6," ") -> 325.28794 | X32: 24 | Y32: =IF(Z32>0,Z31," ") -> 1501641 | Z32: 1531871.8 | AA32: =IFERROR((Z32-Y32)," ")-2126 -> 28104.878 | AB32: =IFERROR(ROUNDDOWN(+AF32/(AC32*3.6),0)," ") -> 71 | AC32: 24 | AD32: =IF(AE32>0,AE31," ") -> 5208378 | AE32: 5214545 | AF32: =IFERROR((AE32-AD32)," ") -> 6167 | AG32: 20 | AH32: 24 | AK32: =IF(OR(AH32="",AG32=""),"",AH32*AG32*3.6) -> 1728 | AL32: =+BDFUENTES[[#This Row],[PZ CHB m3/día]]/3.6/BDFUENTES[[#This Row],[PZ CHB Horas Activo]] -> 39.351852 | AM32: 18 | AN32: =IF(AO32>0,AO31," ") -> 3576255 | AO32: 3578805 | AP32: =IFERROR((AO32-AN32)," ") -> 2550 | AR32: =IFERROR(+AU32/(AQ32*3.6)," ") | AS32: =IF(AT32>0,AT31," ") | AU32: =IFERROR((AT32-AS32)," ") | AV32: =+BDFUENTES[[#This Row],[PZ TM m3/día]]/3.6/BDFUENTES[[#This Row],[PZ TM Horas Activo]] -> 11.203704 | AW32: 15 | AX32: =IF(AY32>0,AY31," ") -> 581017 | AY32: 581622 | AZ32: =IFERROR((AY32-AX32)," ") -> 605 | BA32: 125 | BB32: =IFERROR(+BE32/(BA32*3.6)," ") -> 4.1288889 | BC32: =IF(BD32>0,BD31," ") -> 5919148 | BD32: 5921006 | BE32: =IFERROR((BD32-BC32)," ") -> 1858 | BF32: 20 | BG32: =IFERROR(+BJ32/(BF32*3.6)," ") -> 17.541667 | BH32: =IF(BI32>0,BI31," ") -> 1557267 | BI32: 1558530 | BJ32: =IFERROR((BI32-BH32)," ") -> 1263 | BK32: 70 | BL32: =IFERROR(+BO32/(BK32*3.6)," ") -> 14.261905 | BM32: =IF(BN32>0,BN31," ") -> 6209981 | BN32: 6213575 | BO32: =IFERROR((BN32-BM32)," ") -> 3594
A33: =MONTH(B33) -> 1 | B33: 46051 | C33: 38 | D33: =IFERROR(+G33/(C33*3.6)," ") -> 13.508772 | E33: =IF(F33>0,F32," ") -> 3787731 | F33: 3789579 | G33: =IFERROR((F33-E33)," ") -> 1848 | H33: 25 | I33: =IFERROR(+L33/(H33*3.6)," ") -> 0 | J33: =IF(K33>0,K32," ") -> 1970853 | K33: 1970853 | L33: =IFERROR((K33-J33)," ") -> 0 | M33: 38 | N33: =IFERROR(+Q33/(M33*3.6)," ") -> 0 | O33: =IF(P33>0,P32," ") -> 414656 | P33: 414656 | Q33: =IFERROR((P33-O33)," ") -> 0 | R33: =+BDFUENTES[[#This Row],[PZ MED m3/día]]/3.6/BDFUENTES[[#This Row],[PZ MED Horas Activo]] -> 28.913043 | S33: 23 | T33: =IF(U33>0,U32," ") -> 266009 | U33: 268403 | V33: =IFERROR((U33-T33)," ") -> 2394 | W33: =IFERROR((AA33/X33)/3.6," ") -> 333.46314 | X33: 24 | Y33: =IF(Z33>0,Z32," ") -> 1531871.8 | Z33: 1563077.1 | AA33: =IFERROR((Z33-Y33)," ")-2394 -> 28811.215 | AB33: =IFERROR(ROUNDDOWN(+AF33/(AC33*3.6),0)," ") -> 76 | AC33: 24 | AD33: =IF(AE33>0,AE32," ") -> 5214545 | AE33: 5221151 | AF33: =IFERROR((AE33-AD33)," ") -> 6606 | AG33: 20 | AH33: 24 | AK33: =IF(OR(AH33="",AG33=""),"",AH33*AG33*3.6) -> 1728 | AL33: =+BDFUENTES[[#This Row],[PZ CHB m3/día]]/3.6/BDFUENTES[[#This Row],[PZ CHB Horas Activo]] -> 38.796296 | AM33: 18 | AN33: =IF(AO33>0,AO32," ") -> 3578805 | AO33: 3581319 | AP33: =IFERROR((AO33-AN33)," ") -> 2514 | AR33: =IFERROR(+AU33/(AQ33*3.6)," ") | AS33: =IF(AT33>0,AT32," ") | AU33: =IFERROR((AT33-AS33)," ") | AV33: =+BDFUENTES[[#This Row],[PZ TM m3/día]]/3.6/BDFUENTES[[#This Row],[PZ TM Horas Activo]] -> 11.185185 | AW33: 15 | AX33: =IF(AY33>0,AY32," ") -> 581622 | AY33: 582226 | AZ33: =IFERROR((AY33-AX33)," ") -> 604 | BA33: 125 | BB33: =IFERROR(+BE33/(BA33*3.6)," ") -> 4.1444444 | BC33: =IF(BD33>0,BD32," ") -> 5921006 | BD33: 5922871 | BE33: =IFERROR((BD33-BC33)," ") -> 1865 | BF33: 20 | BG33: =IFERROR(+BJ33/(BF33*3.6)," ") -> 17.444444 | BH33: =IF(BI33>0,BI32," ") -> 1558530 | BI33: 1559786 | BJ33: =IFERROR((BI33-BH33)," ") -> 1256 | BK33: 70 | BL33: =IFERROR(+BO33/(BK33*3.6)," ") -> 17.246032 | BM33: =IF(BN33>0,BN32," ") -> 6213575 | BN33: 6217921 | BO33: =IFERROR((BN33-BM33)," ") -> 4346
A34: =MONTH(B34) -> 1 | B34: 46052 | C34: 38 | D34: =IFERROR(+G34/(C34*3.6)," ") -> 13.406433 | E34: =IF(F34>0,F33," ") -> 3789579 | F34: 3791413 | G34: =IFERROR((F34-E34)," ") -> 1834 | H34: 25 | I34: =IFERROR(+L34/(H34*3.6)," ") -> 0 | J34: =IF(K34>0,K33," ") -> 1970853 | K34: 1970853 | L34: =IFERROR((K34-J34)," ") -> 0 | M34: 38 | N34: =IFERROR(+Q34/(M34*3.6)," ") -> 0 | O34: =IF(P34>0,P33," ") -> 414656 | P34: 414656 | Q34: =IFERROR((P34-O34)," ") -> 0 | R34: =+BDFUENTES[[#This Row],[PZ MED m3/día]]/3.6/BDFUENTES[[#This Row],[PZ MED Horas Activo]] -> 22.592593 | S34: 24 | T34: =IF(U34>0,U33," ") -> 268403 | U34: 270355 | V34: =IFERROR((U34-T34)," ") -> 1952 | W34: =IFERROR((AA34/X34)/3.6," ") -> 347.40633 | X34: 24 | Y34: =IF(Z34>0,Z33," ") -> 1563077.1 | Z34: =1596473-(340*3.6*1.1667) -> 1595045 | AA34: =IFERROR((Z34-Y34)," ")-1952 -> 30015.907 | AB34: =IFERROR(ROUNDDOWN(+AF34/(AC34*3.6),0)," ") -> 75 | AC34: 24 | AD34: =IF(AE34>0,AE33," ") -> 5221151 | AE34: 5227701 | AF34: =IFERROR((AE34-AD34)," ") -> 6550 | AG34: 20 | AH34: 24 | AK34: =IF(OR(AH34="",AG34=""),"",AH34*AG34*3.6) -> 1728 | AL34: =+BDFUENTES[[#This Row],[PZ CHB m3/día]]/3.6/BDFUENTES[[#This Row],[PZ CHB Horas Activo]] -> 38.441358 | AM34: 18 | AN34: =IF(AO34>0,AO33," ") -> 3581319 | AO34: 3583810 | AP34: =IFERROR((AO34-AN34)," ") -> 2491 | AR34: =IFERROR(+AU34/(AQ34*3.6)," ") | AS34: =IF(AT34>0,AT33," ") | AU34: =IFERROR((AT34-AS34)," ") | AV34: =+BDFUENTES[[#This Row],[PZ TM m3/día]]/3.6/BDFUENTES[[#This Row],[PZ TM Horas Activo]] -> 11.626984 | AW34: 14 | AX34: =IF(AY34>0,AY33," ") -> 582226 | AY34: 582812 | AZ34: =IFERROR((AY34-AX34)," ") -> 586 | BA34: 125 | BB34: =IFERROR(+BE34/(BA34*3.6)," ") -> 4.1444444 | BC34: =IF(BD34>0,BD33," ") -> 5922871 | BD34: 5924736 | BE34: =IFERROR((BD34-BC34)," ") -> 1865 | BF34: 20 | BG34: =IFERROR(+BJ34/(BF34*3.6)," ") -> 16.597222 | BH34: =IF(BI34>0,BI33," ") -> 1559786 | BI34: 1560981 | BJ34: =IFERROR((BI34-BH34)," ") -> 1195 | BK34: 70 | BL34: =IFERROR(+BO34/(BK34*3.6)," ") -> 15.904762 | BM34: =IF(BN34>0,BN33," ") -> 6217921 | BN34: 6221929 | BO34: =IFERROR((BN34-BM34)," ") -> 4008
A35: =MONTH(B35) -> 1 | B35: 46053 | C35: 38 | D35: =IFERROR(+G35/(C35*3.6)," ") -> 13.377193 | E35: =IF(F35>0,F34," ") -> 3791413 | F35: 3793243 | G35: =IFERROR((F35-E35)," ") -> 1830 | H35: 25 | I35: =IFERROR(+L35/(H35*3.6)," ") -> 0 | J35: =IF(K35>0,K34," ") -> 1970853 | K35: 1970853 | L35: =IFERROR((K35-J35)," ") -> 0 | M35: 38 | N35: =IFERROR(+Q35/(M35*3.6)," ") -> 0 | O35: =IF(P35>0,P34," ") -> 414656 | P35: 414656 | Q35: =IFERROR((P35-O35)," ") -> 0 | R35: =+BDFUENTES[[#This Row],[PZ MED m3/día]]/3.6/BDFUENTES[[#This Row],[PZ MED Horas Activo]] -> 24.965278 | S35: 24 | T35: =IF(U35>0,U34," ") -> 270355 | U35: 272512 | V35: =IFERROR((U35-T35)," ") -> 2157 | W35: =IFERROR((AA35/X35)/3.6," ") -> 333.90207 | X35: 24 | Y35: =IF(Z35>0,Z34," ") -> 1595045 | Z35: 1626051.1 | AA35: =IFERROR((Z35-Y35)," ")-2157 -> 28849.139 | AB35: =IFERROR(ROUNDDOWN(+AF35/(AC35*3.6),0)," ") -> 75 | AC35: 24 | AD35: =IF(AE35>0,AE34," ") -> 5227701 | AE35: 5234193 | AF35: =IFERROR((AE35-AD35)," ") -> 6492 | AG35: 20 | AH35: 24 | AK35: =IF(OR(AH35="",AG35=""),"",AH35*AG35*3.6) -> 1728 | AL35: =+BDFUENTES[[#This Row],[PZ CHB m3/día]]/3.6/BDFUENTES[[#This Row],[PZ CHB Horas Activo]] -> 38.101852 | AM35: 18 | AN35: =IF(AO35>0,AO34," ") -> 3583810 | AO35: 3586279 | AP35: =IFERROR((AO35-AN35)," ") -> 2469 | AR35: =IFERROR(+AU35/(AQ35*3.6)," ") | AS35: =IF(AT35>0,AT34," ") | AU35: =IFERROR((AT35-AS35)," ") | AV35: =+BDFUENTES[[#This Row],[PZ TM m3/día]]/3.6/BDFUENTES[[#This Row],[PZ TM Horas Activo]] -> 11.924603 | AW35: 14 | AX35: =IF(AY35>0,AY34," ") -> 582812 | AY35: 583413 | AZ35: =IFERROR((AY35-AX35)," ") -> 601 | BA35: 125 | BB35: =IFERROR(+BE35/(BA35*3.6)," ") -> 4.2888889 | BC35: =IF(BD35>0,BD34," ") -> 5924736 | BD35: 5926666 | BE35: =IFERROR((BD35-BC35)," ") -> 1930 | BF35: 20 | BG35: =IFERROR(+BJ35/(BF35*3.6)," ") -> 16.333333 | BH35: =IF(BI35>0,BI34," ") -> 1560981 | BI35: 1562157 | BJ35: =IFERROR((BI35-BH35)," ") -> 1176 | BK35: 70 | BL35: =IFERROR(+BO35/(BK35*3.6)," ") -> 20.988095 | BM35: =IF(BN35>0,BN34," ") -> 6221929 | BN35: 6227218 | BO35: =IFERROR((BN35-BM35)," ") -> 5289
A36: =MONTH(B36) -> 2 | B36: 46054 | C36: 38 | D36: =IFERROR(+G36/(C36*3.6)," ") -> 13.296784 | E36: =IF(F36>0,F35," ") -> 3793243 | F36: 3795062 | G36: =IFERROR((F36-E36)," ") -> 1819 | H36: 25 | I36: =IFERROR(+L36/(H36*3.6)," ") -> 0 | J36: =IF(K36>0,K35," ") -> 1970853 | K36: 1970853 | L36: =IFERROR((K36-J36)," ") -> 0 | M36: 38 | N36: =IFERROR(+Q36/(M36*3.6)," ") -> 0 | O36: =IF(P36>0,P35," ") -> 414656 | P36: 414656 | Q36: =IFERROR((P36-O36)," ") -> 0 | R36: =+BDFUENTES[[#This Row],[PZ MED m3/día]]/3.6/BDFUENTES[[#This Row],[PZ MED Horas Activo]] -> 28.888889 | S36: 5 | T36: =IF(U36>0,U35," ") -> 272512 | U36: 273032 | V36: =IFERROR((U36-T36)," ") -> 520 | W36: =IFERROR((AA36/X36)/3.6," ") -> 342.46477 | X36: 24 | Y36: =IF(Z36>0,Z35," ") -> 1626051.1 | Z36: 1656160.1 | AA36: =IFERROR((Z36-Y36)," ")-520 -> 29588.956 | AB36: =IFERROR(ROUNDDOWN(+AF36/(AC36*3.6),0)," ") -> 76 | AC36: 11 | AD36: =IF(AE36>0,AE35," ") -> 5234193 | AE36: 5237236 | AF36: =IFERROR((AE36-AD36)," ") -> 3043 | AG36: 20 | AH36: 24 | AK36: =IF(OR(AH36="",AG36=""),"",AH36*AG36*3.6) -> 1728 | AL36: =+BDFUENTES[[#This Row],[PZ CHB m3/día]]/3.6/BDFUENTES[[#This Row],[PZ CHB Horas Activo]] -> 39.012346 | AM36: 18 | AN36: =IF(AO36>0,AO35," ") -> 3586279 | AO36: 3588807 | AP36: =IFERROR((AO36-AN36)," ") -> 2528 | AR36: =IFERROR(+AU36/(AQ36*3.6)," ") | AS36: =IF(AT36>0,AT35," ") | AU36: =IFERROR((AT36-AS36)," ") | AV36: =+BDFUENTES[[#This Row],[PZ TM m3/día]]/3.6/BDFUENTES[[#This Row],[PZ TM Horas Activo]] -> 10.039683 | AW36: 14 | AX36: =IF(AY36>0,AY35," ") -> 583413 | AY36: 583919 | AZ36: =IFERROR((AY36-AX36)," ") -> 506 | BA36: 125 | BB36: =IFERROR(+BE36/(BA36*3.6)," ") -> 4.1844444 | BC36: =IF(BD36>0,BD35," ") -> 5926666 | BD36: 5928549 | BE36: =IFERROR((BD36-BC36)," ") -> 1883 | BF36: 20 | BG36: =IFERROR(+BJ36/(BF36*3.6)," ") -> 15.555556 | BH36: =IF(BI36>0,BI35," ") -> 1562157 | BI36: 1563277 | BJ36: =IFERROR((BI36-BH36)," ") -> 1120 | BK36: 70 | BL36: =IFERROR(+BO36/(BK36*3.6)," ") -> 10.765873 | BM36: =IF(BN36>0,BN35," ") -> 6227218 | BN36: 6229931 | BO36: =IFERROR((BN36-BM36)," ") -> 2713
A37: =MONTH(B37) -> 2 | B37: 46055 | C37: 38 | D37: =IFERROR(+G37/(C37*3.6)," ") -> 1.6666667 | E37: =IF(F37>0,F36," ") -> 3795062 | F37: 3795290 | G37: =IFERROR((F37-E37)," ") -> 228 | H37: 25 | I37: =IFERROR(+L37/(H37*3.6)," ") -> 0 | J37: =IF(K37>0,K36," ") -> 1970853 | K37: 1970853 | L37: =IFERROR((K37-J37)," ") -> 0 | M37: 38 | N37: =IFERROR(+Q37/(M37*3.6)," ") -> 0 | O37: =IF(P37>0,P36," ") -> 414656 | P37: 414656 | Q37: =IFERROR((P37-O37)," ") -> 0 | R37: =+BDFUENTES[[#This Row],[PZ MED m3/día]]/3.6/BDFUENTES[[#This Row],[PZ MED Horas Activo]] -> 3.0555556 | S37: 1 | T37: =IF(U37>0,U36," ") -> 273032 | U37: 273043 | V37: =IFERROR((U37-T37)," ") -> 11 | W37: =IFERROR((AA37/X37)/3.6," ") -> 416.75746 | X37: =24-10 -> 14 | Y37: =IF(Z37>0,Z36," ") -> 1656160.1 | Z37: 1677175.6 | AA37: =IFERROR((Z37-Y37)," ")-11 -> 21004.576 | AB37: =IFERROR(ROUNDDOWN(+AF37/(AC37*3.6),0)," ") -> 60 | AC37: 7 | AD37: =IF(AE37>0,AE36," ") -> 5237236 | AE37: 5238751 | AF37: =IFERROR((AE37-AD37)," ") -> 1515 | AG37: 20 | AH37: 24 | AK37: =IF(OR(AH37="",AG37=""),"",AH37*AG37*3.6) -> 1728 | AL37: =+BDFUENTES[[#This Row],[PZ CHB m3/día]]/3.6/BDFUENTES[[#This Row],[PZ CHB Horas Activo]] -> 38.011696 | AM37: 19 | AN37: =IF(AO37>0,AO36," ") -> 3588807 | AO37: 3591407 | AP37: =IFERROR((AO37-AN37)," ") -> 2600 | AR37: =IFERROR(+AU37/(AQ37*3.6)," ") | AS37: =IF(AT37>0,AT36," ") | AU37: =IFERROR((AT37-AS37)," ") | AV37: =+BDFUENTES[[#This Row],[PZ TM m3/día]]/3.6/BDFUENTES[[#This Row],[PZ TM Horas Activo]] -> 11.765873 | AW37: 14 | AX37: =IF(AY37>0,AY36," ") -> 583919 | AY37: 584512 | AZ37: =IFERROR((AY37-AX37)," ") -> 593 | BA37: 125 | BB37: =IFERROR(+BE37/(BA37*3.6)," ") -> 0.2 | BC37: =IF(BD37>0,BD36," ") -> 5928549 | BD37: 5928639 | BE37: =IFERROR((BD37-BC37)," ") -> 90 | BF37: 20 | BG37: =IFERROR(+BJ37/(BF37*3.6)," ") -> 10.125 | BH37: =IF(BI37>0,BI36," ") -> 1563277 | BI37: 1564006 | BJ37: =IFERROR((BI37-BH37)," ") -> 729 | BK37: 70 | BL37: =IFERROR(+BO37/(BK37*3.6)," ") -> 9.718254 | BM37: =IF(BN37>0,BN36," ") -> 6229931 | BN37: 6232380 | BO37: =IFERROR((BN37-BM37)," ") -> 2449
A38: =MONTH(B38) -> 2 | B38: 46056 | C38: 38 | D38: =IFERROR(+G38/(C38*3.6)," ") -> 1.3377193 | E38: =IF(F38>0,F37," ") -> 3795290 | F38: 3795473 | G38: =IFERROR((F38-E38)," ") -> 183 | H38: 25 | I38: =IFERROR(+L38/(H38*3.6)," ") -> 0 | J38: =IF(K38>0,K37," ") -> 1970853 | K38: 1970853 | L38: =IFERROR((K38-J38)," ") -> 0 | M38: 38 | N38: =IFERROR(+Q38/(M38*3.6)," ") -> 0 | O38: =IF(P38>0,P37," ") -> 414656 | P38: 414656 | Q38: =IFERROR((P38-O38)," ") -> 0 | R38: =+BDFUENTES[[#This Row],[PZ MED m3/día]]/3.6/BDFUENTES[[#This Row],[PZ MED Horas Activo]] -> 27.97619 | S38: 7 | T38: =IF(U38>0,U37," ") -> 273043 | U38: 273748 | V38: =IFERROR((U38-T38)," ") -> 705 | W38: =IFERROR((AA38/X38)/3.6," ") -> 433.97986 | X38: 24 | Y38: =IF(Z38>0,Z37," ") -> 1677175.6 | Z38: 1714682.5 | AA38: =IFERROR((Z38-Y38)," ")-11 -> 37495.86 | AB38: =IFERROR(ROUNDDOWN(+AF38/(AC38*3.6),0)," ") -> 63 | AC38: 6 | AD38: =IF(AE38>0,AE37," ") -> 5238751 | AE38: 5240123 | AF38: =IFERROR((AE38-AD38)," ") -> 1372 | AG38: 40 | AH38: 24 | AK38: =IF(OR(AH38="",AG38=""),"",AH38*AG38*3.6) -> 3456 | AL38: =+BDFUENTES[[#This Row],[PZ CHB m3/día]]/3.6/BDFUENTES[[#This Row],[PZ CHB Horas Activo]] -> 37.777778 | AM38: 18 | AN38: =IF(AO38>0,AO37," ") -> 3591407 | AO38: 3593855 | AP38: =IFERROR((AO38-AN38)," ") -> 2448 | AR38: =IFERROR(+AU38/(AQ38*3.6)," ") | AS38: =IF(AT38>0,AT37," ") | AU38: =IFERROR((AT38-AS38)," ") | AV38: =+BDFUENTES[[#This Row],[PZ TM m3/día]]/3.6/BDFUENTES[[#This Row],[PZ TM Horas Activo]] -> 11.222222 | AW38: 15 | AX38: =IF(AY38>0,AY37," ") -> 584512 | AY38: 585118 | AZ38: =IFERROR((AY38-AX38)," ") -> 606 | BA38: 125 | BB38: =IFERROR(+BE38/(BA38*3.6)," ") -> 0.40888889 | BC38: =IF(BD38>0,BD37," ") -> 5928639 | BD38: 5928823 | BE38: =IFERROR((BD38-BC38)," ") -> 184 | BF38: 20 | BG38: =IFERROR(+BJ38/(BF38*3.6)," ") -> 7.9444444 | BH38: =IF(BI38>0,BI37," ") -> 1564006 | BI38: 1564578 | BJ38: =IFERROR((BI38-BH38)," ") -> 572 | BK38: 70 | BL38: =IFERROR(+BO38/(BK38*3.6)," ") -> 14.992063 | BM38: =IF(BN38>0,BN37," ") -> 6232380 | BN38: 6236158 | BO38: =IFERROR((BN38-BM38)," ") -> 3778
A39: =MONTH(B39) -> 2 | B39: 46057 | C39: 38 | D39: =IFERROR(+G39/(C39*3.6)," ") -> 10.957602 | E39: =IF(F39>0,F38," ") -> 3795473 | F39: 3796972 | G39: =IFERROR((F39-E39)," ") -> 1499 | H39: 25 | I39: =IFERROR(+L39/(H39*3.6)," ") -> 0 | J39: =IF(K39>0,K38," ") -> 1970853 | K39: 1970853 | L39: =IFERROR((K39-J39)," ") -> 0 | M39: 38 | N39: =IFERROR(+Q39/(M39*3.6)," ") -> 0 | O39: =IF(P39>0,P38," ") -> 414656 | P39: 414656 | Q39: =IFERROR((P39-O39)," ") -> 0 | R39: =+BDFUENTES[[#This Row],[PZ MED m3/día]]/3.6/BDFUENTES[[#This Row],[PZ MED Horas Activo]] -> 29.035088 | S39: 19 | T39: =IF(U39>0,U38," ") -> 273748 | U39: 275734 | V39: =IFERROR((U39-T39)," ") -> 1986 | W39: =IFERROR((AA39/X39)/3.6," ") -> 416.00557 | X39: 24 | Y39: =IF(Z39>0,Z38," ") -> 1714682.5 | Z39: 1752611.4 | AA39: =IFERROR((Z39-Y39)," ")-BDFUENTES[[#This Row],[PZ MED m3/día]] -> 35942.882 | AB39: =IFERROR(ROUNDDOWN(+AF39/(AC39*3.6),0)," ") -> 56 | AC39: 10 | AD39: =IF(AE39>0,AE38," ") -> 5240123 | AE39: 5242148 | AF39: =IFERROR((AE39-AD39)," ") -> 2025 | AG39: 40 | AH39: 24 | AK39: =IF(OR(AH39="",AG39=""),"",AH39*AG39*3.6) -> 3456 | AL39: =+BDFUENTES[[#This Row],[PZ CHB m3/día]]/3.6/BDFUENTES[[#This Row],[PZ CHB Horas Activo]] -> 38.075397 | AM39: 14 | AN39: =IF(AO39>0,AO38," ") -> 3593855 | AO39: 3595774 | AP39: =IFERROR((AO39-AN39)," ") -> 1919 | AR39: =IFERROR(+AU39/(AQ39*3.6)," ") | AS39: =IF(AT39>0,AT38," ") | AU39: =IFERROR((AT39-AS39)," ") | AV39: =+BDFUENTES[[#This Row],[PZ TM m3/día]]/3.6/BDFUENTES[[#This Row],[PZ TM Horas Activo]] -> 11.515152 | AW39: 11 | AX39: =IF(AY39>0,AY38," ") -> 585118 | AY39: 585574 | AZ39: =IFERROR((AY39-AX39)," ") -> 456 | BA39: 125 | BB39: =IFERROR(+BE39/(BA39*3.6)," ") -> 3.4222222 | BC39: =IF(BD39>0,BD38," ") -> 5928823 | BD39: 5930363 | BE39: =IFERROR((BD39-BC39)," ") -> 1540 | BF39: 20 | BG39: =IFERROR(+BJ39/(BF39*3.6)," ") -> 18.416667 | BH39: =IF(BI39>0,BI38," ") -> 1564578 | BI39: 1565904 | BJ39: =IFERROR((BI39-BH39)," ") -> 1326 | BK39: 70 | BL39: =IFERROR(+BO39/(BK39*3.6)," ") -> 18.789683 | BM39: =IF(BN39>0,BN38," ") -> 6236158 | BN39: 6240893 | BO39: =IFERROR((BN39-BM39)," ") -> 4735
A40: =MONTH(B40) -> 2 | B40: 46058 | C40: 38 | D40: =IFERROR(+G40/(C40*3.6)," ") -> 13.267544 | E40: =IF(F40>0,F39," ") -> 3796972 | F40: 3798787 | G40: =IFERROR((F40-E40)," ") -> 1815 | H40: 25 | I40: =IFERROR(+L40/(H40*3.6)," ") -> 0 | J40: =IF(K40>0,K39," ") -> 1970853 | K40: 1970853 | L40: =IFERROR((K40-J40)," ") -> 0 | M40: 38 | N40: =IFERROR(+Q40/(M40*3.6)," ") -> 0 | O40: =IF(P40>0,P39," ") -> 414656 | P40: 414656 | Q40: =IFERROR((P40-O40)," ") -> 0 | R40: =+BDFUENTES[[#This Row],[PZ MED m3/día]]/3.6/BDFUENTES[[#This Row],[PZ MED Horas Activo]] -> 27.80303 | S40: 22 | T40: =IF(U40>0,U39," ") -> 275734 | U40: 277936 | V40: =IFERROR((U40-T40)," ") -> 2202 | W40: =IFERROR((AA40/X40)/3.6," ") -> 397.52313 | X40: 24 | Y40: =IF(Z40>0,Z39," ") -> 1752611.4 | Z40: 1789159.4 | AA40: =IFERROR((Z40-Y40)," ")-BDFUENTES[[#This Row],[PZ MED m3/día]] -> 34345.999 | AB40: =IFERROR(ROUNDDOWN(+AF40/(AC40*3.6),0)," ") -> 58 | AC40: 20 | AD40: =IF(AE40>0,AE39," ") -> 5242148 | AE40: 5246324 | AF40: =IFERROR((AE40-AD40)," ") -> 4176 | AG40: 40 | AH40: 24 | AK40: =IF(OR(AH40="",AG40=""),"",AH40*AG40*3.6) -> 3456 | AL40: =+BDFUENTES[[#This Row],[PZ CHB m3/día]]/3.6/BDFUENTES[[#This Row],[PZ CHB Horas Activo]] -> 38.518519 | AM40: 18 | AN40: =IF(AO40>0,AO39," ") -> 3595774 | AO40: 3598270 | AP40: =IFERROR((AO40-AN40)," ") -> 2496 | AR40: =IFERROR(+AU40/(AQ40*3.6)," ") | AS40: =IF(AT40>0,AT39," ") | AU40: =IFERROR((AT40-AS40)," ") | AV40: =+BDFUENTES[[#This Row],[PZ TM m3/día]]/3.6/BDFUENTES[[#This Row],[PZ TM Horas Activo]] -> 11.296296 | AW40: 15 | AX40: =IF(AY40>0,AY39," ") -> 585574 | AY40: 586184 | AZ40: =IFERROR((AY40-AX40)," ") -> 610 | BA40: 125 | BB40: =IFERROR(+BE40/(BA40*3.6)," ") -> 4.2555556 | BC40: =IF(BD40>0,BD39," ") -> 5930363 | BD40: 5932278 | BE40: =IFERROR((BD40-BC40)," ") -> 1915 | BF40: 20 | BG40: =IFERROR(+BJ40/(BF40*3.6)," ") -> 16.569444 | BH40: =IF(BI40>0,BI39," ") -> 1565904 | BI40: 1567097 | BJ40: =IFERROR((BI40-BH40)," ") -> 1193 | BK40: 70 | BL40: =IFERROR(+BO40/(BK40*3.6)," ") -> 19.853175 | BM40: =IF(BN40>0,BN39," ") -> 6240893 | BN40: 6245896 | BO40: =IFERROR((BN40-BM40)," ") -> 5003
A41: =MONTH(B41) -> 2 | B41: 46059 | C41: 38 | D41: =IFERROR(+G41/(C41*3.6)," ") -> 17.397661 | E41: =IF(F41>0,F40," ") -> 3798787 | F41: 3801167 | G41: =IFERROR((F41-E41)," ") -> 2380 | H41: 25 | I41: =IFERROR(+L41/(H41*3.6)," ") -> 0 | J41: =IF(K41>0,K40," ") -> 1970853 | K41: 1970853 | L41: =IFERROR((K41-J41)," ") -> 0 | M41: 38 | N41: =IFERROR(+Q41/(M41*3.6)," ") -> 0 | O41: =IF(P41>0,P40," ") -> 414656 | P41: 414656 | Q41: =IFERROR((P41-O41)," ") -> 0 | R41: =+BDFUENTES[[#This Row],[PZ MED m3/día]]/3.6/BDFUENTES[[#This Row],[PZ MED Horas Activo]] -> 28.641975 | S41: 18 | T41: =IF(U41>0,U40," ") -> 277936 | U41: 279792 | V41: =IFERROR((U41-T41)," ") -> 1856 | W41: =IFERROR((AA41/X41)/3.6," ") -> 378.76088 | X41: 24 | Y41: =IF(Z41>0,Z40," ") -> 1789159.4 | Z41: 1823740.3 | AA41: =IFERROR((Z41-Y41)," ")-BDFUENTES[[#This Row],[PZ MED m3/día]] -> 32724.94 | AB41: =IFERROR(ROUNDDOWN(+AF41/(AC41*3.6),0)," ") -> 60 | AC41: 24 | AD41: =IF(AE41>0,AE40," ") -> 5246324 | AE41: 5251581 | AF41: =IFERROR((AE41-AD41)," ") -> 5257 | AG41: 40 | AH41: 24 | AK41: =IF(OR(AH41="",AG41=""),"",AH41*AG41*3.6) -> 3456 | AL41: =+BDFUENTES[[#This Row],[PZ CHB m3/día]]/3.6/BDFUENTES[[#This Row],[PZ CHB Horas Activo]] -> 38.648148 | AM41: 15 | AN41: =IF(AO41>0,AO40," ") -> 3598270 | AO41: 3600357 | AP41: =IFERROR((AO41-AN41)," ") -> 2087 | AR41: =IFERROR(+AU41/(AQ41*3.6)," ") | AS41: =IF(AT41>0,AT40," ") | AU41: =IFERROR((AT41-AS41)," ") | AV41: =+BDFUENTES[[#This Row],[PZ TM m3/día]]/3.6/BDFUENTES[[#This Row],[PZ TM Horas Activo]] -> 11.820988 | AW41: 9 | AX41: =IF(AY41>0,AY40," ") -> 586184 | AY41: 586567 | AZ41: =IFERROR((AY41-AX41)," ") -> 383 | BA41: 125 | BB41: =IFERROR(+BE41/(BA41*3.6)," ") -> 5.4244444 | BC41: =IF(BD41>0,BD40," ") -> 5932278 | BD41: 5934719 | BE41: =IFERROR((BD41-BC41)," ") -> 2441 | BF41: 20 | BG41: =IFERROR(+BJ41/(BF41*3.6)," ") -> 16.652778 | BH41: =IF(BI41>0,BI40," ") -> 1567097 | BI41: 1568296 | BJ41: =IFERROR((BI41-BH41)," ") -> 1199 | BK41: 70 | BL41: =IFERROR(+BO41/(BK41*3.6)," ") -> 20.115079 | BM41: =IF(BN41>0,BN40," ") -> 6245896 | BN41: 6250965 | BO41: =IFERROR((BN41-BM41)," ") -> 5069
A42: =MONTH(B42) -> 2 | B42: 46060 | C42: 38 | D42: =IFERROR(+G42/(C42*3.6)," ") -> 17.251462 | E42: =IF(F42>0,F41," ") -> 3801167 | F42: 3803527 | G42: =IFERROR((F42-E42)," ") -> 2360 | H42: 25 | I42: =IFERROR(+L42/(H42*3.6)," ") -> 0 | J42: =IF(K42>0,K41," ") -> 1970853 | K42: 1970853 | L42: =IFERROR((K42-J42)," ") -> 0 | M42: 38 | N42: =IFERROR(+Q42/(M42*3.6)," ") -> 0 | O42: =IF(P42>0,P41," ") -> 414656 | P42: 414656 | Q42: =IFERROR((P42-O42)," ") -> 0 | R42: =+BDFUENTES[[#This Row],[PZ MED m3/día]]/3.6/BDFUENTES[[#This Row],[PZ MED Horas Activo]] -> 31.466049 | S42: 18 | T42: =IF(U42>0,U41," ") -> 279792 | U42: 281831 | V42: =IFERROR((U42-T42)," ") -> 2039 | W42: =IFERROR((AA42/X42)/3.6," ") -> 362.84281 | X42: 24 | Y42: =IF(Z42>0,Z41," ") -> 1823740.3 | Z42: 1857128.9 | AA42: =IFERROR((Z42-Y42)," ")-BDFUENTES[[#This Row],[PZ MED m3/día]] -> 31349.619 | AB42: =IFERROR(ROUNDDOWN(+AF42/(AC42*3.6),0)," ") -> 62 | AC42: 24 | AD42: =IF(AE42>0,AE41," ") -> 5251581 | AE42: 5256952 | AF42: =IFERROR((AE42-AD42)," ") -> 5371 | AG42: 40 | AH42: 24 | AK42: =IF(OR(AH42="",AG42=""),"",AH42*AG42*3.6) -> 3456 | AL42: =+BDFUENTES[[#This Row],[PZ CHB m3/día]]/3.6/BDFUENTES[[#This Row],[PZ CHB Horas Activo]] -> 38.873457 | AM42: 18 | AN42: =IF(AO42>0,AO41," ") -> 3600357 | AO42: 3602876 | AP42: =IFERROR((AO42-AN42)," ") -> 2519 | AR42: =IFERROR(+AU42/(AQ42*3.6)," ") | AS42: =IF(AT42>0,AT41," ") | AU42: =IFERROR((AT42-AS42)," ") | AV42: =+BDFUENTES[[#This Row],[PZ TM m3/día]]/3.6/BDFUENTES[[#This Row],[PZ TM Horas Activo]] -> 11.462963 | AW42: 15 | AX42: =IF(AY42>0,AY41," ") -> 586567 | AY42: 587186 | AZ42: =IFERROR((AY42-AX42)," ") -> 619 | BA42: 125 | BB42: =IFERROR(+BE42/(BA42*3.6)," ") -> 5.4577778 | BC42: =IF(BD42>0,BD41," ") -> 5934719 | BD42: 5937175 | BE42: =IFERROR((BD42-BC42)," ") -> 2456 | BF42: 20 | BG42: =IFERROR(+BJ42/(BF42*3.6)," ") -> 17.083333 | BH42: =IF(BI42>0,BI41," ") -> 1568296 | BI42: 1569526 | BJ42: =IFERROR((BI42-BH42)," ") -> 1230 | BK42: 70 | BL42: =IFERROR(+BO42/(BK42*3.6)," ") -> 19.412698 | BM42: =IF(BN42>0,BN41," ") -> 6250965 | BN42: 6255857 | BO42: =IFERROR((BN42-BM42)," ") -> 4892
A43: =MONTH(B43) -> 2 | B43: 46061 | C43: 38 | D43: =IFERROR(+G43/(C43*3.6)," ") -> 16.842105 | E43: =IF(F43>0,F42," ") -> 3803527 | F43: 3805831 | G43: =IFERROR((F43-E43)," ") -> 2304 | H43: 25 | I43: =IFERROR(+L43/(H43*3.6)," ") -> 0 | J43: =IF(K43>0,K42," ") -> 1970853 | K43: 1970853 | L43: =IFERROR((K43-J43)," ") -> 0 | M43: 38 | N43: =IFERROR(+Q43/(M43*3.6)," ") -> 0 | O43: =IF(P43>0,P42," ") -> 414656 | P43: 414656 | Q43: =IFERROR((P43-O43)," ") -> 0 | R43: =+BDFUENTES[[#This Row],[PZ MED m3/día]]/3.6/BDFUENTES[[#This Row],[PZ MED Horas Activo]] -> 28.811728 | S43: 18 | T43: =IF(U43>0,U42," ") -> 281831 | U43: 283698 | V43: =IFERROR((U43-T43)," ") -> 1867 | W43: =IFERROR((AA43/X43)/3.6," ") -> 370.28036 | X43: 24 | Y43: =IF(Z43>0,Z42," ") -> 1857128.9 | Z43: 1890988.2 | AA43: =IFERROR((Z43-Y43)," ")-BDFUENTES[[#This Row],[PZ MED m3/día]] -> 31992.223 | AB43: =IFERROR(ROUNDDOWN(+AF43/(AC43*3.6),0)," ") -> 61 | AC43: 24 | AD43: =IF(AE43>0,AE42," ") -> 5256952 | AE43: 5262255 | AF43: =IFERROR((AE43-AD43)," ") -> 5303 | AG43: 40 | AH43: 24 | AK43: =IF(OR(AH43="",AG43=""),"",AH43*AG43*3.6) -> 3456 | AL43: =+BDFUENTES[[#This Row],[PZ CHB m3/día]]/3.6/BDFUENTES[[#This Row],[PZ CHB Horas Activo]] -> 38.114035 | AM43: 19 | AN43: =IF(AO43>0,AO42," ") -> 3602876 | AO43: 3605483 | AP43: =IFERROR((AO43-AN43)," ") -> 2607 | AR43: =IFERROR(+AU43/(AQ43*3.6)," ") | AS43: =IF(AT43>0,AT42," ") | AU43: =IFERROR((AT43-AS43)," ") | AV43: =+BDFUENTES[[#This Row],[PZ TM m3/día]]/3.6/BDFUENTES[[#This Row],[PZ TM Horas Activo]] -> 11.5625 | AW43: 16 | AX43: =IF(AY43>0,AY42," ") -> 587186 | AY43: 587852 | AZ43: =IFERROR((AY43-AX43)," ") -> 666 | BA43: 125 | BB43: =IFERROR(+BE43/(BA43*3.6)," ") -> 5.1466667 | BC43: =IF(BD43>0,BD42," ") -> 5937175 | BD43: 5939491 | BE43: =IFERROR((BD43-BC43)," ") -> 2316 | BF43: 20 | BG43: =IFERROR(+BJ43/(BF43*3.6)," ") -> 17.555556 | BH43: =IF(BI43>0,BI42," ") -> 1569526 | BI43: 1570790 | BJ43: =IFERROR((BI43-BH43)," ") -> 1264 | BK43: 70 | BL43: =IFERROR(+BO43/(BK43*3.6)," ") -> 20.154762 | BM43: =IF(BN43>0,BN42," ") -> 6255857 | BN43: 6260936 | BO43: =IFERROR((BN43-BM43)," ") -> 5079
A44: =MONTH(B44) -> 2 | B44: 46062 | C44: 38 | D44: =IFERROR(+G44/(C44*3.6)," ") -> 17.171053 | E44: =IF(F44>0,F43," ") -> 3805831 | F44: 3808180 | G44: =IFERROR((F44-E44)," ") -> 2349 | H44: 25 | I44: =IFERROR(+L44/(H44*3.6)," ") -> 0 | J44: =IF(K44>0,K43," ") -> 1970853 | K44: 1970853 | L44: =IFERROR((K44-J44)," ") -> 0 | M44: 38 | N44: =IFERROR(+Q44/(M44*3.6)," ") -> 0 | O44: =IF(P44>0,P43," ") -> 414656 | P44: 414656 | Q44: =IFERROR((P44-O44)," ") -> 0 | R44: =+BDFUENTES[[#This Row],[PZ MED m3/día]]/3.6/BDFUENTES[[#This Row],[PZ MED Horas Activo]] -> 25.895062 | S44: 18 | T44: =IF(U44>0,U43," ") -> 283698 | U44: 285376 | V44: =IFERROR((U44-T44)," ") -> 1678 | W44: =IFERROR((AA44/X44)/3.6," ") -> 350.18739 | X44: 24 | Y44: =IF(Z44>0,Z43," ") -> 1890988.2 | Z44: 1922922.3 | AA44: =IFERROR((Z44-Y44)," ")-BDFUENTES[[#This Row],[PZ MED m3/día]] -> 30256.191 | AB44: =IFERROR(ROUNDDOWN(+AF44/(AC44*3.6),0)," ") -> 58 | AC44: 24 | AD44: =IF(AE44>0,AE43," ") -> 5262255 | AE44: 5267268 | AF44: =IFERROR((AE44-AD44)," ") -> 5013 | AG44: 40 | AH44: 24 | AK44: =IF(OR(AH44="",AG44=""),"",AH44*AG44*3.6) -> 3456 | AL44: =+BDFUENTES[[#This Row],[PZ CHB m3/día]]/3.6/BDFUENTES[[#This Row],[PZ CHB Horas Activo]] -> 39.274691 | AM44: 18 | AN44: =IF(AO44>0,AO43," ") -> 3605483 | AO44: 3608028 | AP44: =IFERROR((AO44-AN44)," ") -> 2545 | AR44: =IFERROR(+AU44/(AQ44*3.6)," ") | AS44: =IF(AT44>0,AT43," ") | AU44: =IFERROR((AT44-AS44)," ") | AV44: =+BDFUENTES[[#This Row],[PZ TM m3/día]]/3.6/BDFUENTES[[#This Row],[PZ TM Horas Activo]] -> 11.518519 | AW44: 15 | AX44: =IF(AY44>0,AY43," ") -> 587852 | AY44: 588474 | AZ44: =IFERROR((AY44-AX44)," ") -> 622 | BA44: 125 | BB44: =IFERROR(+BE44/(BA44*3.6)," ") -> 5.5555556 | BC44: =IF(BD44>0,BD43," ") -> 5939491 | BD44: 5941991 | BE44: =IFERROR((BD44-BC44)," ") -> 2500 | BF44: 20 | BG44: =IFERROR(+BJ44/(BF44*3.6)," ") -> 16.75 | BH44: =IF(BI44>0,BI43," ") -> 1570790 | BI44: 1571996 | BJ44: =IFERROR((BI44-BH44)," ") -> 1206 | BK44: 70 | BL44: =IFERROR(+BO44/(BK44*3.6)," ") -> 17.492063 | BM44: =IF(BN44>0,BN43," ") -> 6260936 | BN44: 6265344 | BO44: =IFERROR((BN44-BM44)," ") -> 4408 | BS44: FECHA DE REPORTE : | BV44: 46059 | BZ44: OFICINA DE PRODUCCIÓN DE AGUA POTABLE Y TRATAMIENTO DE AGUA RESIDUALES | CM44: SEMANA: | CO44: =WEEKNUM(BV44) -> 6
A45: =MONTH(B45) -> 2 | B45: 46063 | C45: 38 | D45: =IFERROR(+G45/(C45*3.6)," ") -> 17.141813 | E45: =IF(F45>0,F44," ") -> 3808180 | F45: 3810525 | G45: =IFERROR((F45-E45)," ") -> 2345 | H45: 25 | I45: =IFERROR(+L45/(H45*3.6)," ") -> 0 | J45: =IF(K45>0,K44," ") -> 1970853 | K45: 1970853 | L45: =IFERROR((K45-J45)," ") -> 0 | M45: 38 | N45: =IFERROR(+Q45/(M45*3.6)," ") -> 0 | O45: =IF(P45>0,P44," ") -> 414656 | P45: 414656 | Q45: =IFERROR((P45-O45)," ") -> 0 | R45: =+BDFUENTES[[#This Row],[PZ MED m3/día]]/3.6/BDFUENTES[[#This Row],[PZ MED Horas Activo]] -> 28.765432 | S45: 18 | T45: =IF(U45>0,U44," ") -> 285376 | U45: 287240 | V45: =IFERROR((U45-T45)," ") -> 1864 | W45: =IFERROR((AA45/X45)/3.6," ") -> 336.79311 | X45: 24 | Y45: =IF(Z45>0,Z44," ") -> 1922922.3 | Z45: 1953885.3 | AA45: =IFERROR((Z45-Y45)," ")-BDFUENTES[[#This Row],[PZ MED m3/día]] -> 29098.925 | AB45: =IFERROR(ROUNDDOWN(+AF45/(AC45*3.6),0)," ") -> 60 | AC45: 24 | AD45: =IF(AE45>0,AE44," ") -> 5267268 | AE45: 5272504 | AF45: =IFERROR((AE45-AD45)," ") -> 5236 | AG45: 40 | AH45: 24 | AK45: =IF(OR(AH45="",AG45=""),"",AH45*AG45*3.6) -> 3456 | AL45: =+BDFUENTES[[#This Row],[PZ CHB m3/día]]/3.6/BDFUENTES[[#This Row],[PZ CHB Horas Activo]] -> 38.240741 | AM45: 18 | AN45: =IF(AO45>0,AO44," ") -> 3608028 | AO45: 3610506 | AP45: =IFERROR((AO45-AN45)," ") -> 2478 | AR45: =IFERROR(+AU45/(AQ45*3.6)," ") | AS45: =IF(AT45>0,AT44," ") | AU45: =IFERROR((AT45-AS45)," ") | AV45: =+BDFUENTES[[#This Row],[PZ TM m3/día]]/3.6/BDFUENTES[[#This Row],[PZ TM Horas Activo]] -> 11.481481 | AW45: 15 | AX45: =IF(AY45>0,AY44," ") -> 588474 | AY45: 589094 | AZ45: =IFERROR((AY45-AX45)," ") -> 620 | BA45: 125 | BB45: =IFERROR(+BE45/(BA45*3.6)," ") -> 5.3444444 | BC45: =IF(BD45>0,BD44," ") -> 5941991 | BD45: 5944396 | BE45: =IFERROR((BD45-BC45)," ") -> 2405 | BF45: 20 | BG45: =IFERROR(+BJ45/(BF45*3.6)," ") -> 18.111111 | BH45: =IF(BI45>0,BI44," ") -> 1571996 | BI45: 1573300 | BJ45: =IFERROR((BI45-BH45)," ") -> 1304 | BK45: 70 | BL45: =IFERROR(+BO45/(BK45*3.6)," ") -> 19.757937 | BM45: =IF(BN45>0,BN44," ") -> 6265344 | BN45: 6270323 | BO45: =IFERROR((BN45-BM45)," ") -> 4979
A46: =MONTH(B46) -> 2 | B46: 46064 | C46: 38 | D46: =IFERROR(+G46/(C46*3.6)," ") -> 16.959064 | E46: =IF(F46>0,F45," ") -> 3810525 | F46: 3812845 | G46: =IFERROR((F46-E46)," ") -> 2320 | H46: 25 | I46: =IFERROR(+L46/(H46*3.6)," ") -> 0 | J46: =IF(K46>0,K45," ") -> 1970853 | K46: 1970853 | L46: =IFERROR((K46-J46)," ") -> 0 | M46: 38 | N46: =IFERROR(+Q46/(M46*3.6)," ") -> 0 | O46: =IF(P46>0,P45," ") -> 414656 | P46: 414656 | Q46: =IFERROR((P46-O46)," ") -> 0 | R46: =+BDFUENTES[[#This Row],[PZ MED m3/día]]/3.6/BDFUENTES[[#This Row],[PZ MED Horas Activo]] -> 28.099415 | S46: 19 | T46: =IF(U46>0,U45," ") -> 287240 | U46: 289162 | V46: =IFERROR((U46-T46)," ") -> 1922 | W46: =IFERROR((AA46/X46)/3.6," ") -> 335.11205 | X46: 24 | Y46: =IF(Z46>0,Z45," ") -> 1953885.3 | Z46: 1984760.9 | AA46: =IFERROR((Z46-Y46)," ")-BDFUENTES[[#This Row],[PZ MED m3/día]] -> 28953.682 | AB46: =IFERROR(ROUNDDOWN(+AF46/(AC46*3.6),0)," ") -> 62 | AC46: 24 | AD46: =IF(AE46>0,AE45," ") -> 5272504 | AE46: 5277939 | AF46: =IFERROR((AE46-AD46)," ") -> 5435 | AG46: 40 | AH46: 24 | AK46: =IF(OR(AH46="",AG46=""),"",AH46*AG46*3.6) -> 3456 | AL46: =+BDFUENTES[[#This Row],[PZ CHB m3/día]]/3.6/BDFUENTES[[#This Row],[PZ CHB Horas Activo]] -> 38.873457 | AM46: 18 | AN46: =IF(AO46>0,AO45," ") -> 3610506 | AO46: 3613025 | AP46: =IFERROR((AO46-AN46)," ") -> 2519 | AR46: =IFERROR(+AU46/(AQ46*3.6)," ") | AS46: =IF(AT46>0,AT45," ") | AU46: =IFERROR((AT46-AS46)," ") | AV46: =+BDFUENTES[[#This Row],[PZ TM m3/día]]/3.6/BDFUENTES[[#This Row],[PZ TM Horas Activo]] -> 11.051587 | AW46: 14 | AX46: =IF(AY46>0,AY45," ") -> 589094 | AY46: 589651 | AZ46: =IFERROR((AY46-AX46)," ") -> 557 | BA46: 125 | BB46: =IFERROR(+BE46/(BA46*3.6)," ") -> 5.1555556 | BC46: =IF(BD46>0,BD45," ") -> 5944396 | BD46: 5946716 | BE46: =IFERROR((BD46-BC46)," ") -> 2320 | BF46: 20 | BG46: =IFERROR(+BJ46/(BF46*3.6)," ") -> 17.791667 | BH46: =IF(BI46>0,BI45," ") -> 1573300 | BI46: 1574581 | BJ46: =IFERROR((BI46-BH46)," ") -> 1281 | BK46: 70 | BL46: =IFERROR(+BO46/(BK46*3.6)," ") -> 17.853175 | BM46: =IF(BN46>0,BN45," ") -> 6270323 | BN46: 6274822 | BO46: =IFERROR((BN46-BM46)," ") -> 4499
A47: =MONTH(B47) -> 2 | B47: 46065 | C47: 38 | D47: =IFERROR(+G47/(C47*3.6)," ") -> 17.061404 | E47: =IF(F47>0,F46," ") -> 3812845 | F47: 3815179 | G47: =IFERROR((F47-E47)," ") -> 2334 | H47: 25 | I47: =IFERROR(+L47/(H47*3.6)," ") -> 0 | J47: =IF(K47>0,K46," ") -> 1970853 | K47: 1970853 | L47: =IFERROR((K47-J47)," ") -> 0 | M47: 38 | N47: =IFERROR(+Q47/(M47*3.6)," ") -> 0 | O47: =IF(P47>0,P46," ") -> 414656 | P47: 414656 | Q47: =IFERROR((P47-O47)," ") -> 0 | R47: =+BDFUENTES[[#This Row],[PZ MED m3/día]]/3.6/BDFUENTES[[#This Row],[PZ MED Horas Activo]] -> 29.753086 | S47: 18 | T47: =IF(U47>0,U46," ") -> 289162 | U47: 291090 | V47: =IFERROR((U47-T47)," ") -> 1928 | W47: =IFERROR((AA47/X47)/3.6," ") -> 339.72399 | X47: 24 | Y47: =IF(Z47>0,Z46," ") -> 1984760.9 | Z47: 2016041.1 | AA47: =IFERROR((Z47-Y47)," ")-BDFUENTES[[#This Row],[PZ MED m3/día]] -> 29352.153 | AB47: =IFERROR(ROUNDDOWN(+AF47/(AC47*3.6),0)," ") -> 59 | AC47: 24 | AD47: =IF(AE47>0,AE46," ") -> 5277939 | AE47: 5283119 | AF47: =IFERROR((AE47-AD47)," ") -> 5180 | AG47: 40 | AH47: 24 | AK47: =IF(OR(AH47="",AG47=""),"",AH47*AG47*3.6) -> 3456 | AL47: =+BDFUENTES[[#This Row],[PZ CHB m3/día]]/3.6/BDFUENTES[[#This Row],[PZ CHB Horas Activo]] -> 39.340278 | AM47: 16 | AN47: =IF(AO47>0,AO46," ") -> 3613025 | AO47: 3615291 | AP47: =IFERROR((AO47-AN47)," ") -> 2266 | AR47: =IFERROR(+AU47/(AQ47*3.6)," ") | AS47: =IF(AT47>0,AT46," ") | AU47: =IFERROR((AT47-AS47)," ") | AV47: =+BDFUENTES[[#This Row],[PZ TM m3/día]]/3.6/BDFUENTES[[#This Row],[PZ TM Horas Activo]] -> 11.388889 | AW47: 15 | AX47: =IF(AY47>0,AY46," ") -> 589651 | AY47: 590266 | AZ47: =IFERROR((AY47-AX47)," ") -> 615 | BA47: 125 | BB47: =IFERROR(+BE47/(BA47*3.6)," ") -> 5.4911111 | BC47: =IF(BD47>0,BD46," ") -> 5946716 | BD47: 5949187 | BE47: =IFERROR((BD47-BC47)," ") -> 2471 | BF47: 20 | BG47: =IFERROR(+BJ47/(BF47*3.6)," ") -> 16.958333 | BH47: =IF(BI47>0,BI46," ") -> 1574581 | BI47: 1575802 | BJ47: =IFERROR((BI47-BH47)," ") -> 1221 | BK47: 70 | BL47: =IFERROR(+BO47/(BK47*3.6)," ") -> 19.623016 | BM47: =IF(BN47>0,BN46," ") -> 6274822 | BN47: 6279767 | BO47: =IFERROR((BN47-BM47)," ") -> 4945
A48: =MONTH(B48) -> 2 | B48: 46066 | C48: 38 | D48: =IFERROR(+G48/(C48*3.6)," ") -> 16.966374 | E48: =IF(F48>0,F47," ") -> 3815179 | F48: 3817500 | G48: =IFERROR((F48-E48)," ") -> 2321 | H48: 25 | I48: =IFERROR(+L48/(H48*3.6)," ") -> 0 | J48: =IF(K48>0,K47," ") -> 1970853 | K48: 1970853 | L48: =IFERROR((K48-J48)," ") -> 0 | M48: 38 | N48: =IFERROR(+Q48/(M48*3.6)," ") -> 0 | O48: =IF(P48>0,P47," ") -> 414656 | P48: 414656 | Q48: =IFERROR((P48-O48)," ") -> 0 | R48: =+BDFUENTES[[#This Row],[PZ MED m3/día]]/3.6/BDFUENTES[[#This Row],[PZ MED Horas Activo]] -> 28.75731 | S48: 19 | T48: =IF(U48>0,U47," ") -> 291090 | U48: 293057 | V48: =IFERROR((U48-T48)," ") -> 1967 | W48: =IFERROR((AA48/X48)/3.6," ") -> 355.62147 | X48: 24 | Y48: =IF(Z48>0,Z47," ") -> 2016041.1 | Z48: 2048733.8 | AA48: =IFERROR((Z48-Y48)," ")-BDFUENTES[[#This Row],[PZ MED m3/día]] -> 30725.695 | AB48: =IFERROR(ROUNDDOWN(+AF48/(AC48*3.6),0)," ") -> 61 | AC48: 24 | AD48: =IF(AE48>0,AE47," ") -> 5283119 | AE48: 5288403 | AF48: =IFERROR((AE48-AD48)," ") -> 5284 | AG48: 40 | AH48: 24 | AK48: =IF(OR(AH48="",AG48=""),"",AH48*AG48*3.6) -> 3456 | AL48: =+BDFUENTES[[#This Row],[PZ CHB m3/día]]/3.6/BDFUENTES[[#This Row],[PZ CHB Horas Activo]] -> 37.34127 | AM48: 14 | AN48: =IF(AO48>0,AO47," ") -> 3615291 | AO48: 3617173 | AP48: =IFERROR((AO48-AN48)," ") -> 1882 | AR48: =IFERROR(+AU48/(AQ48*3.6)," ") | AS48: =IF(AT48>0,AT47," ") | AU48: =IFERROR((AT48-AS48)," ") | AV48: =+BDFUENTES[[#This Row],[PZ TM m3/día]]/3.6/BDFUENTES[[#This Row],[PZ TM Horas Activo]] -> 11.444444 | AW48: 15 | AX48: =IF(AY48>0,AY47," ") -> 590266 | AY48: 590884 | AZ48: =IFERROR((AY48-AX48)," ") -> 618 | BA48: 125 | BB48: =IFERROR(+BE48/(BA48*3.6)," ") -> 5.0444444 | BC48: =IF(BD48>0,BD47," ") -> 5949187 | BD48: 5951457 | BE48: =IFERROR((BD48-BC48)," ") -> 2270 | BF48: 20 | BG48: =IFERROR(+BJ48/(BF48*3.6)," ") -> 17.791667 | BH48: =IF(BI48>0,BI47," ") -> 1575802 | BI48: 1577083 | BJ48: =IFERROR((BI48-BH48)," ") -> 1281 | BK48: 70 | BL48: =IFERROR(+BO48/(BK48*3.6)," ") -> 17.511905 | BM48: =IF(BN48>0,BN47," ") -> 6279767 | BN48: 6284180 | BO48: =IFERROR((BN48-BM48)," ") -> 4413
A49: =MONTH(B49) -> 2 | B49: 46067 | C49: 38 | D49: =IFERROR(+G49/(C49*3.6)," ") -> 17.309942 | E49: =IF(F49>0,F48," ") -> 3817500 | F49: 3819868 | G49: =IFERROR((F49-E49)," ") -> 2368 | H49: 25 | I49: =IFERROR(+L49/(H49*3.6)," ") -> 0 | J49: =IF(K49>0,K48," ") -> 1970853 | K49: 1970853 | L49: =IFERROR((K49-J49)," ") -> 0 | M49: 38 | N49: =IFERROR(+Q49/(M49*3.6)," ") -> 0 | O49: =IF(P49>0,P48," ") -> 414656 | P49: 414656 | Q49: =IFERROR((P49-O49)," ") -> 0 | R49: =+BDFUENTES[[#This Row],[PZ MED m3/día]]/3.6/BDFUENTES[[#This Row],[PZ MED Horas Activo]] -> 29.532164 | S49: 19 | T49: =IF(U49>0,U48," ") -> 293057 | U49: 295077 | V49: =IFERROR((U49-T49)," ") -> 2020 | W49: =IFERROR((AA49/X49)/3.6," ") -> 411.11222 | X49: 24 | Y49: =IF(Z49>0,Z48," ") -> 2048733.8 | Z49: 2086273.9 | AA49: =IFERROR((Z49-Y49)," ")-BDFUENTES[[#This Row],[PZ MED m3/día]] -> 35520.095 | AB49: =IFERROR(ROUNDDOWN(+AF49/(AC49*3.6),0)," ") -> 60 | AC49: 24 | AD49: =IF(AE49>0,AE48," ") -> 5288403 | AE49: 5293669 | AF49: =IFERROR((AE49-AD49)," ") -> 5266 | AG49: 40 | AH49: 24 | AK49: =IF(OR(AH49="",AG49=""),"",AH49*AG49*3.6) -> 3456 | AL49: =+BDFUENTES[[#This Row],[PZ CHB m3/día]]/3.6/BDFUENTES[[#This Row],[PZ CHB Horas Activo]] -> 38.070175 | AM49: 19 | AN49: =IF(AO49>0,AO48," ") -> 3617173 | AO49: 3619777 | AP49: =IFERROR((AO49-AN49)," ") -> 2604 | AR49: =IFERROR(+AU49/(AQ49*3.6)," ") | AS49: =IF(AT49>0,AT48," ") | AU49: =IFERROR((AT49-AS49)," ") | AV49: =+BDFUENTES[[#This Row],[PZ TM m3/día]]/3.6/BDFUENTES[[#This Row],[PZ TM Horas Activo]] -> 11.712963 | AW49: 12 | AX49: =IF(AY49>0,AY48," ") -> 590884 | AY49: 591390 | AZ49: =IFERROR((AY49-AX49)," ") -> 506 | BA49: 125 | BB49: =IFERROR(+BE49/(BA49*3.6)," ") -> 5.5333333 | BC49: =IF(BD49>0,BD48," ") -> 5951457 | BD49: 5953947 | BE49: =IFERROR((BD49-BC49)," ") -> 2490 | BF49: 20 | BG49: =IFERROR(+BJ49/(BF49*3.6)," ") -> 18.652778 | BH49: =IF(BI49>0,BI48," ") -> 1577083 | BI49: 1578426 | BJ49: =IFERROR((BI49-BH49)," ") -> 1343 | BK49: 70 | BL49: =IFERROR(+BO49/(BK49*3.6)," ") -> 20.559524 | BM49: =IF(BN49>0,BN48," ") -> 6284180 | BN49: 6289361 | BO49: =IFERROR((BN49-BM49)," ") -> 5181
B50: 46068 | C50: 38 | D50: =IFERROR(+G50/(C50*3.6)," ") -> 16.900585 | E50: =IF(F50>0,F49," ") -> 3819868 | F50: 3822180 | G50: =IFERROR((F50-E50)," ") -> 2312 | H50: 25 | I50: =IFERROR(+L50/(H50*3.6)," ") -> 0 | J50: =IF(K50>0,K49," ") -> 1970853 | K50: 1970853 | L50: =IFERROR((K50-J50)," ") -> 0 | M50: 38 | N50: =IFERROR(+Q50/(M50*3.6)," ") -> 0 | O50: =IF(P50>0,P49," ") -> 414656 | P50: 414656 | Q50: =IFERROR((P50-O50)," ") -> 0 | R50: =+BDFUENTES[[#This Row],[PZ MED m3/día]]/3.6/BDFUENTES[[#This Row],[PZ MED Horas Activo]] -> 0 | S50: 19 | T50: =IF(U50>0,U49," ") -> 295077 | U50: 295077 | V50: =IFERROR((U50-T50)," ") -> 0 | W50: =IFERROR((AA50/X50)/3.6," ") -> 466.58838 | X50: 24 | Y50: =IF(Z50>0,Z49," ") -> 2086273.9 | Z50: 2126587.1 | AA50: =IFERROR((Z50-Y50)," ")-BDFUENTES[[#This Row],[PZ MED m3/día]] -> 40313.236 | AB50: =IFERROR(ROUNDDOWN(+AF50/(AC50*3.6),0)," ") -> 53 | AC50: 17 | AD50: =IF(AE50>0,AE49," ") -> 5293669 | AE50: 5296951 | AF50: =IFERROR((AE50-AD50)," ") -> 3282 | AG50: 40 | AH50: 24 | AK50: =IF(OR(AH50="",AG50=""),"",AH50*AG50*3.6) -> 3456 | AL50: =+BDFUENTES[[#This Row],[PZ CHB m3/día]]/3.6/BDFUENTES[[#This Row],[PZ CHB Horas Activo]] -> 38.966049 | AM50: 18 | AN50: =IF(AO50>0,AO49," ") -> 3619777 | AO50: 3622302 | AP50: =IFERROR((AO50-AN50)," ") -> 2525 | AR50: =IFERROR(+AU50/(AQ50*3.6)," ") | AS50: =IF(AT50>0,AT49," ") | AU50: =IFERROR((AT50-AS50)," ") | AV50: =+BDFUENTES[[#This Row],[PZ TM m3/día]]/3.6/BDFUENTES[[#This Row],[PZ TM Horas Activo]] -> 11.425926 | AW50: 15 | AX50: =IF(AY50>0,AY49," ") -> 591390 | AY50: 592007 | AZ50: =IFERROR((AY50-AX50)," ") -> 617 | BA50: 125 | BB50: =IFERROR(+BE50/(BA50*3.6)," ") -> 5.2755556 | BC50: =IF(BD50>0,BD49," ") -> 5953947 | BD50: 5956321 | BE50: =IFERROR((BD50-BC50)," ") -> 2374 | BF50: 20 | BG50: =IFERROR(+BJ50/(BF50*3.6)," ") -> 17.486111 | BH50: =IF(BI50>0,BI49," ") -> 1578426 | BI50: 1579685 | BJ50: =IFERROR((BI50-BH50)," ") -> 1259 | BK50: 70 | BL50: =IFERROR(+BO50/(BK50*3.6)," ") -> 12.75 | BM50: =IF(BN50>0,BN49," ") -> 6289361 | BN50: 6292574 | BO50: =IFERROR((BN50-BM50)," ") -> 3213
B51: 46069 | C51: 38 | D51: =IFERROR(+G51/(C51*3.6)," ") -> 17.200292 | E51: =IF(F51>0,F50," ") -> 3822180 | F51: 3824533 | G51: =IFERROR((F51-E51)," ") -> 2353 | H51: 25 | I51: =IFERROR(+L51/(H51*3.6)," ") -> 0 | J51: =IF(K51>0,K50," ") -> 1970853 | K51: 1970853 | L51: =IFERROR((K51-J51)," ") -> 0 | M51: 38 | N51: =IFERROR(+Q51/(M51*3.6)," ") -> 0 | O51: =IF(P51>0,P50," ") -> 414656 | P51: 414656 | Q51: =IFERROR((P51-O51)," ") -> 0 | R51: =+BDFUENTES[[#This Row],[PZ MED m3/día]]/3.6/BDFUENTES[[#This Row],[PZ MED Horas Activo]] -> 2.0175439 | S51: 19 | T51: =IF(U51>0,U50," ") -> 295077 | U51: 295215 | V51: =IFERROR((U51-T51)," ") -> 138 | W51: =IFERROR((AA51/X51)/3.6," ") -> 458.13869 | X51: 24 | Y51: =IF(Z51>0,Z50," ") -> 2126587.1 | Z51: 2166308.3 | AA51: =IFERROR((Z51-Y51)," ")-BDFUENTES[[#This Row],[PZ MED m3/día]] -> 39583.183 | AB51: =IFERROR(ROUNDDOWN(+AF51/(AC51*3.6),0)," ") -> 55 | AC51: 17 | AD51: =IF(AE51>0,AE50," ") -> 5296951 | AE51: 5300351 | AF51: =IFERROR((AE51-AD51)," ") -> 3400 | AG51: 40 | AH51: 24 | AK51: =IF(OR(AH51="",AG51=""),"",AH51*AG51*3.6) -> 3456 | AL51: =+BDFUENTES[[#This Row],[PZ CHB m3/día]]/3.6/BDFUENTES[[#This Row],[PZ CHB Horas Activo]] -> 39.938272 | AM51: 18 | AN51: =IF(AO51>0,AO50," ") -> 3622302 | AO51: 3624890 | AP51: =IFERROR((AO51-AN51)," ") -> 2588 | AR51: =IFERROR(+AU51/(AQ51*3.6)," ") | AS51: =IF(AT51>0,AT50," ") | AU51: =IFERROR((AT51-AS51)," ") | AV51: =+BDFUENTES[[#This Row],[PZ TM m3/día]]/3.6/BDFUENTES[[#This Row],[PZ TM Horas Activo]] -> 11.555556 | AW51: 15 | AX51: =IF(AY51>0,AY50," ") -> 592007 | AY51: 592631 | AZ51: =IFERROR((AY51-AX51)," ") -> 624 | BA51: 125 | BB51: =IFERROR(+BE51/(BA51*3.6)," ") -> 5.0244444 | BC51: =IF(BD51>0,BD50," ") -> 5956321 | BD51: 5958582 | BE51: =IFERROR((BD51-BC51)," ") -> 2261 | BF51: 20 | BG51: =IFERROR(+BJ51/(BF51*3.6)," ") -> 11.305556 | BH51: =IF(BI51>0,BI50," ") -> 1579685 | BI51: 1580499 | BJ51: =IFERROR((BI51-BH51)," ") -> 814 | BK51: 70 | BL51: =IFERROR(+BO51/(BK51*3.6)," ") -> 19.107143 | BM51: =IF(BN51>0,BN50," ") -> 6292574 | BN51: 6297389 | BO51: =IFERROR((BN51-BM51)," ") -> 4815
B52: 46070 | C52: 38 | D52: =IFERROR(+G52/(C52*3.6)," ") -> 17.178363 | E52: =IF(F52>0,F51," ") -> 3824533 | F52: 3826883 | G52: =IFERROR((F52-E52)," ") -> 2350 | H52: 25 | I52: =IFERROR(+L52/(H52*3.6)," ") -> 0 | J52: =IF(K52>0,K51," ") -> 1970853 | K52: 1970853 | L52: =IFERROR((K52-J52)," ") -> 0 | M52: 38 | N52: =IFERROR(+Q52/(M52*3.6)," ") -> 0 | O52: =IF(P52>0,P51," ") -> 414656 | P52: 414656 | Q52: =IFERROR((P52-O52)," ") -> 0 | R52: =+BDFUENTES[[#This Row],[PZ MED m3/día]]/3.6/BDFUENTES[[#This Row],[PZ MED Horas Activo]] -> 29.43287 | S52: 24 | T52: =IF(U52>0,U51," ") -> 295215 | U52: 297758 | V52: =IFERROR((U52-T52)," ") -> 2543 | W52: =IFERROR((AA52/X52)/3.6," ") -> 246.74055 | X52: 24 | Y52: =IF(Z52>0,Z51," ") -> 2166308.3 | Z52: 2190169.7 | AA52: =IFERROR((Z52-Y52)," ")-BDFUENTES[[#This Row],[PZ MED m3/día]] -> 21318.384 | AB52: =IFERROR(ROUNDDOWN(+AF52/(AC52*3.6),0)," ") -> 60 | AC52: 5 | AD52: =IF(AE52>0,AE51," ") -> 5300351 | AE52: 5301448 | AF52: =IFERROR((AE52-AD52)," ") -> 1097 | AG52: 40 | AH52: 24 | AK52: =IF(OR(AH52="",AG52=""),"",AH52*AG52*3.6) -> 3456 | AL52: =+BDFUENTES[[#This Row],[PZ CHB m3/día]]/3.6/BDFUENTES[[#This Row],[PZ CHB Horas Activo]] -> 37.824074 | AM52: 18 | AN52: =IF(AO52>0,AO51," ") -> 3624890 | AO52: 3627341 | AP52: =IFERROR((AO52-AN52)," ") -> 2451 | AR52: =IFERROR(+AU52/(AQ52*3.6)," ") | AS52: =IF(AT52>0,AT51," ") | AU52: =IFERROR((AT52-AS52)," ") | AV52: =+BDFUENTES[[#This Row],[PZ TM m3/día]]/3.6/BDFUENTES[[#This Row],[PZ TM Horas Activo]] -> 11.648148 | AW52: 15 | AX52: =IF(AY52>0,AY51," ") -> 592631 | AY52: 593260 | AZ52: =IFERROR((AY52-AX52)," ") -> 629 | BA52: 125 | BB52: =IFERROR(+BE52/(BA52*3.6)," ") -> 5.0422222 | BC52: =IF(BD52>0,BD51," ") -> 5958582 | BD52: 5960851 | BE52: =IFERROR((BD52-BC52)," ") -> 2269 | BF52: 20 | BG52: =IFERROR(+BJ52/(BF52*3.6)," ") -> 14.888889 | BH52: =IF(BI52>0,BI51," ") -> 1580499 | BI52: 1581571 | BJ52: =IFERROR((BI52-BH52)," ") -> 1072 | BK52: 70 | BL52: =IFERROR(+BO52/(BK52*3.6)," ") -> 9.9126984 | BM52: =IF(BN52>0,BN51," ") -> 6297389 | BN52: 6299887 | BO52: =IFERROR((BN52-BM52)," ") -> 2498
B53: 46071 | C53: 38 | D53: =IFERROR(+G53/(C53*3.6)," ") -> 16.805556 | E53: =IF(F53>0,F52," ") -> 3826883 | F53: 3829182 | G53: =IFERROR((F53-E53)," ") -> 2299 | H53: 25 | I53: =IFERROR(+L53/(H53*3.6)," ") -> 0 | J53: =IF(K53>0,K52," ") -> 1970853 | K53: 1970853 | L53: =IFERROR((K53-J53)," ") -> 0 | M53: 38 | N53: =IFERROR(+Q53/(M53*3.6)," ") -> 0 | O53: =IF(P53>0,P52," ") -> 414656 | P53: 414656 | Q53: =IFERROR((P53-O53)," ") -> 0 | R53: =+BDFUENTES[[#This Row],[PZ MED m3/día]]/3.6/BDFUENTES[[#This Row],[PZ MED Horas Activo]] -> 27.592593 | S53: 3 | T53: =IF(U53>0,U52," ") -> 297758 | U53: 298056 | V53: =IFERROR((U53-T53)," ") -> 298 | W53: =IFERROR((AA53/X53)/3.6," ") -> 139.63246 | X53: 24 | Y53: =IF(Z53>0,Z52," ") -> 2190169.7 | Z53: 2202531.9 | AA53: =IFERROR((Z53-Y53)," ")-BDFUENTES[[#This Row],[PZ MED m3/día]] -> 12064.245 | AB53: =IFERROR(ROUNDDOWN(+AF53/(AC53*3.6),0)," ") | AC53: - | AD53: =IF(AE53>0,AE52," ") -> 5301448 | AE53: 5301489 | AF53: =IFERROR((AE53-AD53)," ") -> 41 | AG53: 40 | AH53: 24 | AK53: =IF(OR(AH53="",AG53=""),"",AH53*AG53*3.6) -> 3456 | AL53: =+BDFUENTES[[#This Row],[PZ CHB m3/día]]/3.6/BDFUENTES[[#This Row],[PZ CHB Horas Activo]] -> 38.796296 | AM53: 18 | AN53: =IF(AO53>0,AO52," ") -> 3627341 | AO53: 3629855 | AP53: =IFERROR((AO53-AN53)," ") -> 2514 | AR53: =IFERROR(+AU53/(AQ53*3.6)," ") | AS53: =IF(AT53>0,AT52," ") | AU53: =IFERROR((AT53-AS53)," ") | AV53: =+BDFUENTES[[#This Row],[PZ TM m3/día]]/3.6/BDFUENTES[[#This Row],[PZ TM Horas Activo]] -> 11.518519 | AW53: 15 | AX53: =IF(AY53>0,AY52," ") -> 593260 | AY53: 593882 | AZ53: =IFERROR((AY53-AX53)," ") -> 622 | BA53: 125 | BB53: =IFERROR(+BE53/(BA53*3.6)," ") -> 4.9466667 | BC53: =IF(BD53>0,BD52," ") -> 5960851 | BD53: 5963077 | BE53: =IFERROR((BD53-BC53)," ") -> 2226 | BF53: 20 | BG53: =IFERROR(+BJ53/(BF53*3.6)," ") -> 16.041667 | BH53: =IF(BI53>0,BI52," ") -> 1581571 | BI53: 1582726 | BJ53: =IFERROR((BI53-BH53)," ") -> 1155 | BK53: 70 | BL53: =IFERROR(+BO53/(BK53*3.6)," ") -> 3.047619 | BM53: =IF(BN53>0,BN52," ") -> 6299887 | BN53: 6300655 | BO53: =IFERROR((BN53-BM53)," ") -> 768
B54: 46072 | C54: 38 | D54: =IFERROR(+G54/(C54*3.6)," ") -> 20.153509 | E54: =IF(F54>0,F53," ") -> 3829182 | F54: 3831939 | G54: =IFERROR((F54-E54)," ") -> 2757 | H54: 25 | I54: =IFERROR(+L54/(H54*3.6)," ") -> 0 | J54: =IF(K54>0,K53," ") -> 1970853 | K54: 1970853 | L54: =IFERROR((K54-J54)," ") -> 0 | M54: 38 | N54: =IFERROR(+Q54/(M54*3.6)," ") -> 0 | O54: =IF(P54>0,P53," ") -> 414656 | P54: 414656 | Q54: =IFERROR((P54-O54)," ") -> 0 | R54: =+BDFUENTES[[#This Row],[PZ MED m3/día]]/3.6/BDFUENTES[[#This Row],[PZ MED Horas Activo]] -> 29.135802 | S54: 18 | T54: =IF(U54>0,U53," ") -> 298056 | U54: 299944 | V54: =IFERROR((U54-T54)," ") -> 1888 | W54: =IFERROR((AA54/X54)/3.6," ") -> 275.94514 | X54: 24 | Y54: =IF(Z54>0,Z53," ") -> 2202531.9 | Z54: 2228261.6 | AA54: =IFERROR((Z54-Y54)," ")-BDFUENTES[[#This Row],[PZ MED m3/día]] -> 23841.66 | AB54: =IFERROR(ROUNDDOWN(+AF54/(AC54*3.6),0)," ") -> 60 | AC54: 7 | AD54: =IF(AE54>0,AE53," ") -> 5301489 | AE54: 5303018 | AF54: =IFERROR((AE54-AD54)," ") -> 1529 | AG54: 40 | AH54: 24 | AK54: =IF(OR(AH54="",AG54=""),"",AH54*AG54*3.6) -> 3456 | AL54: =+BDFUENTES[[#This Row],[PZ CHB m3/día]]/3.6/BDFUENTES[[#This Row],[PZ CHB Horas Activo]] -> 38.260234 | AM54: 19 | AN54: =IF(AO54>0,AO53," ") -> 3629855 | AO54: 3632472 | AP54: =IFERROR((AO54-AN54)," ") -> 2617 | AR54: =IFERROR(+AU54/(AQ54*3.6)," ") | AS54: =IF(AT54>0,AT53," ") | AU54: =IFERROR((AT54-AS54)," ") | AV54: =+BDFUENTES[[#This Row],[PZ TM m3/día]]/3.6/BDFUENTES[[#This Row],[PZ TM Horas Activo]] -> 11.309524 | AW54: 14 | AX54: =IF(AY54>0,AY53," ") -> 593882 | AY54: 594452 | AZ54: =IFERROR((AY54-AX54)," ") -> 570 | BA54: 125 | BB54: =IFERROR(+BE54/(BA54*3.6)," ") -> 5.8422222 | BC54: =IF(BD54>0,BD53," ") -> 5963077 | BD54: 5965706 | BE54: =IFERROR((BD54-BC54)," ") -> 2629 | BF54: 20 | BG54: =IFERROR(+BJ54/(BF54*3.6)," ") -> 9.1111111 | BH54: =IF(BI54>0,BI53," ") -> 1582726 | BI54: 1583382 | BJ54: =IFERROR((BI54-BH54)," ") -> 656 | BK54: 70 | BL54: =IFERROR(+BO54/(BK54*3.6)," ") -> 9.8253968 | BM54: =IF(BN54>0,BN53," ") -> 6300655 | BN54: 6303131 | BO54: =IFERROR((BN54-BM54)," ") -> 2476
B55: 46073 | C55: 38 | D55: =IFERROR(+G55/(C55*3.6)," ") -> 16.864035 | E55: =IF(F55>0,F54," ") -> 3831939 | F55: 3834246 | G55: =IFERROR((F55-E55)," ") -> 2307 | H55: 25 | I55: =IFERROR(+L55/(H55*3.6)," ") -> 0 | J55: =IF(K55>0,K54," ") -> 1970853 | K55: 1970853 | L55: =IFERROR((K55-J55)," ") -> 0 | M55: 38 | N55: =IFERROR(+Q55/(M55*3.6)," ") -> 0 | O55: =IF(P55>0,P54," ") -> 414656 | P55: 414656 | Q55: =IFERROR((P55-O55)," ") -> 0 | R55: =+BDFUENTES[[#This Row],[PZ MED m3/día]]/3.6/BDFUENTES[[#This Row],[PZ MED Horas Activo]] -> 29.189815 | S55: 12 | T55: =IF(U55>0,U54," ") -> 299944 | U55: 301205 | V55: =IFERROR((U55-T55)," ") -> 1261 | W55: =IFERROR((AA55/X55)/3.6," ") -> 377.52874 | X55: 24 | Y55: =IF(Z55>0,Z54," ") -> 2228261.6 | Z55: 2262141.1 | AA55: =IFERROR((Z55-Y55)," ")-BDFUENTES[[#This Row],[PZ MED m3/día]] -> 32618.483 | AB55: =IFERROR(ROUNDDOWN(+AF55/(AC55*3.6),0)," ") -> 60 | AC55: 21 | AD55: =IF(AE55>0,AE54," ") -> 5303018 | AE55: =AE54+(AB54*3.6*21) -> 5307554 | AF55: =IFERROR((AE55-AD55)," ") -> 4536 | AG55: 40 | AH55: 24 | AK55: =IF(OR(AH55="",AG55=""),"",AH55*AG55*3.6) -> 3456 | AL55: =+BDFUENTES[[#This Row],[PZ CHB m3/día]]/3.6/BDFUENTES[[#This Row],[PZ CHB Horas Activo]] -> 39.04321 | AM55: 18 | AN55: =IF(AO55>0,AO54," ") -> 3632472 | AO55: 3635002 | AP55: =IFERROR((AO55-AN55)," ") -> 2530 | AR55: =IFERROR(+AU55/(AQ55*3.6)," ") | AS55: =IF(AT55>0,AT54," ") | AU55: =IFERROR((AT55-AS55)," ") | AV55: =+BDFUENTES[[#This Row],[PZ TM m3/día]]/3.6/BDFUENTES[[#This Row],[PZ TM Horas Activo]] -> 11.222222 | AW55: 15 | AX55: =IF(AY55>0,AY54," ") -> 594452 | AY55: 595058 | AZ55: =IFERROR((AY55-AX55)," ") -> 606 | BA55: 125 | BB55: =IFERROR(+BE55/(BA55*3.6)," ") -> 4.7466667 | BC55: =IF(BD55>0,BD54," ") -> 5965706 | BD55: 5967842 | BE55: =IFERROR((BD55-BC55)," ") -> 2136 | BF55: 20 | BG55: =IFERROR(+BJ55/(BF55*3.6)," ") -> 17.902778 | BH55: =IF(BI55>0,BI54," ") -> 1583382 | BI55: 1584671 | BJ55: =IFERROR((BI55-BH55)," ") -> 1289 | BK55: 70 | BL55: =IFERROR(+BO55/(BK55*3.6)," ") -> 20.22619 | BM55: =IF(BN55>0,BN54," ") -> 6303131 | BN55: 6308228 | BO55: =IFERROR((BN55-BM55)," ") -> 5097
B56: 46074 | C56: 38 | D56: =IFERROR(+G56/(C56*3.6)," ") -> 4.3421053 | E56: =IF(F56>0,F55," ") -> 3834246 | F56: 3834840 | G56: =IFERROR((F56-E56)," ") -> 594 | H56: 25 | I56: =IFERROR(+L56/(H56*3.6)," ") -> 0 | J56: =IF(K56>0,K55," ") -> 1970853 | K56: 1970853 | L56: =IFERROR((K56-J56)," ") -> 0 | M56: 38 | N56: =IFERROR(+Q56/(M56*3.6)," ") -> 0 | O56: =IF(P56>0,P55," ") -> 414656 | P56: 414656 | Q56: =IFERROR((P56-O56)," ") -> 0 | R56: =+BDFUENTES[[#This Row],[PZ MED m3/día]]/3.6/BDFUENTES[[#This Row],[PZ MED Horas Activo]] -> 0 | S56: 12 | T56: =IF(U56>0,U55," ") -> 301205 | U56: 301205 | V56: =IFERROR((U56-T56)," ") -> 0 | W56: =IFERROR((AA56/X56)/3.6," ") -> 425.21283 | X56: 24 | Y56: =IF(Z56>0,Z55," ") -> 2262141.1 | Z56: 2298879.5 | AA56: =IFERROR((Z56-Y56)," ")-BDFUENTES[[#This Row],[PZ MED m3/día]] -> 36738.388 | AB56: =IFERROR(ROUNDDOWN(+AF56/(AC56*3.6),0)," ") -> 60 | AC56: 20 | AD56: =IF(AE56>0,AE55," ") -> 5307554 | AE56: =AE55+(AB55*3.6*20) -> 5311874 | AF56: =IFERROR((AE56-AD56)," ") -> 4320 | AG56: 40 | AH56: 24 | AK56: =IF(OR(AH56="",AG56=""),"",AH56*AG56*3.6) -> 3456 | AL56: =+BDFUENTES[[#This Row],[PZ CHB m3/día]]/3.6/BDFUENTES[[#This Row],[PZ CHB Horas Activo]] -> 39.830247 | AM56: 18 | AN56: =IF(AO56>0,AO55," ") -> 3635002 | AO56: 3637583 | AP56: =IFERROR((AO56-AN56)," ") -> 2581 | AR56: =IFERROR(+AU56/(AQ56*3.6)," ") | AS56: =IF(AT56>0,AT55," ") | AU56: =IFERROR((AT56-AS56)," ") | AV56: =+BDFUENTES[[#This Row],[PZ TM m3/día]]/3.6/BDFUENTES[[#This Row],[PZ TM Horas Activo]] -> 11.089744 | AW56: 13 | AX56: =IF(AY56>0,AY55," ") -> 595058 | AY56: 595577 | AZ56: =IFERROR((AY56-AX56)," ") -> 519 | BA56: 125 | BB56: =IFERROR(+BE56/(BA56*3.6)," ") -> 0.95111111 | BC56: =IF(BD56>0,BD55," ") -> 5967842 | BD56: 5968270 | BE56: =IFERROR((BD56-BC56)," ") -> 428 | BF56: 20 | BG56: =IFERROR(+BJ56/(BF56*3.6)," ") -> 18.666667 | BH56: =IF(BI56>0,BI55," ") -> 1584671 | BI56: 1586015 | BJ56: =IFERROR((BI56-BH56)," ") -> 1344 | BK56: 70 | BL56: =IFERROR(+BO56/(BK56*3.6)," ") -> 16.543651 | BM56: =IF(BN56>0,BN55," ") -> 6308228 | BN56: 6312397 | BO56: =IFERROR((BN56-BM56)," ") -> 4169
B57: 46075 | C57: 38 | D57: =IFERROR(+G57/(C57*3.6)," ") -> 1.3084795 | E57: =IF(F57>0,F56," ") -> 3834840 | F57: 3835019 | G57: =IFERROR((F57-E57)," ") -> 179 | H57: 25 | I57: =IFERROR(+L57/(H57*3.6)," ") -> 0 | J57: =IF(K57>0,K56," ") -> 1970853 | K57: 1970853 | L57: =IFERROR((K57-J57)," ") -> 0 | M57: 38 | N57: =IFERROR(+Q57/(M57*3.6)," ") -> 0 | O57: =IF(P57>0,P56," ") -> 414656 | P57: 414656 | Q57: =IFERROR((P57-O57)," ") -> 0 | R57: =+BDFUENTES[[#This Row],[PZ MED m3/día]]/3.6/BDFUENTES[[#This Row],[PZ MED Horas Activo]] -> 28.034188 | S57: 13 | T57: =IF(U57>0,U56," ") -> 301205 | U57: 302517 | V57: =IFERROR((U57-T57)," ") -> 1312 | W57: =IFERROR((AA57/X57)/3.6," ") -> 433.52177 | X57: 24 | Y57: =IF(Z57>0,Z56," ") -> 2298879.5 | Z57: 2337647.8 | AA57: =IFERROR((Z57-Y57)," ")-BDFUENTES[[#This Row],[PZ MED m3/día]] -> 37456.281 | AB57: =IFERROR(ROUNDDOWN(+AF57/(AC57*3.6),0)," ") -> 60 | AC57: 16 | AD57: =IF(AE57>0,AE56," ") -> 5311874 | AE57: =AE56+(AB56*3.6*16) -> 5315330 | AF57: =IFERROR((AE57-AD57)," ") -> 3456 | AG57: 40 | AH57: 24 | AK57: =IF(OR(AH57="",AG57=""),"",AH57*AG57*3.6) -> 3456 | AL57: =+BDFUENTES[[#This Row],[PZ CHB m3/día]]/3.6/BDFUENTES[[#This Row],[PZ CHB Horas Activo]] -> 38.74183 | AM57: 17 | AN57: =IF(AO57>0,AO56," ") -> 3637583 | AO57: 3639954 | AP57: =IFERROR((AO57-AN57)," ") -> 2371 | AR57: =IFERROR(+AU57/(AQ57*3.6)," ") | AS57: =IF(AT57>0,AT56," ") | AU57: =IFERROR((AT57-AS57)," ") | AV57: =+BDFUENTES[[#This Row],[PZ TM m3/día]]/3.6/BDFUENTES[[#This Row],[PZ TM Horas Activo]] -> 11.703704 | AW57: 15 | AX57: =IF(AY57>0,AY56," ") -> 595577 | AY57: 596209 | AZ57: =IFERROR((AY57-AX57)," ") -> 632 | BA57: 125 | BB57: =IFERROR(+BE57/(BA57*3.6)," ") -> 0.21333333 | BC57: =IF(BD57>0,BD56," ") -> 5968270 | BD57: 5968366 | BE57: =IFERROR((BD57-BC57)," ") -> 96 | BF57: 20 | BG57: =IFERROR(+BJ57/(BF57*3.6)," ") -> 16.263889 | BH57: =IF(BI57>0,BI56," ") -> 1586015 | BI57: 1587186 | BJ57: =IFERROR((BI57-BH57)," ") -> 1171 | BK57: 70 | BL57: =IFERROR(+BO57/(BK57*3.6)," ") -> 19 | BM57: =IF(BN57>0,BN56," ") -> 6312397 | BN57: 6317185 | BO57: =IFERROR((BN57-BM57)," ") -> 4788
B58: 46076 | C58: 38 | D58: =IFERROR(+G58/(C58*3.6)," ") -> 10.175439 | E58: =IF(F58>0,F57," ") -> 3835019 | F58: 3836411 | G58: =IFERROR((F58-E58)," ") -> 1392 | H58: 25 | I58: =IFERROR(+L58/(H58*3.6)," ") -> 0 | J58: =IF(K58>0,K57," ") -> 1970853 | K58: 1970853 | L58: =IFERROR((K58-J58)," ") -> 0 | M58: 38 | N58: =IFERROR(+Q58/(M58*3.6)," ") -> 0 | O58: =IF(P58>0,P57," ") -> 414656 | P58: 414656 | Q58: =IFERROR((P58-O58)," ") -> 0 | R58: =+BDFUENTES[[#This Row],[PZ MED m3/día]]/3.6/BDFUENTES[[#This Row],[PZ MED Horas Activo]] -> 29.92284 | S58: 18 | T58: =IF(U58>0,U57," ") -> 302517 | U58: 304456 | V58: =IFERROR((U58-T58)," ") -> 1939 | W58: =IFERROR((AA58/X58)/3.6," ") -> 319.32601 | X58: 24 | Y58: =IF(Z58>0,Z57," ") -> 2337647.8 | Z58: 2367176.5 | AA58: =IFERROR((Z58-Y58)," ")-BDFUENTES[[#This Row],[PZ MED m3/día]] -> 27589.767 | AB58: =IFERROR(ROUNDDOWN(+AF58/(AC58*3.6),0)," ") -> 60 | AC58: 15 | AD58: =IF(AE58>0,AE57," ") -> 5315330 | AE58: 5318588 | AF58: =IFERROR((AE58-AD58)," ") -> 3258 | AG58: 40 | AH58: 24 | AK58: =IF(OR(AH58="",AG58=""),"",AH58*AG58*3.6) -> 3456 | AL58: =+BDFUENTES[[#This Row],[PZ CHB m3/día]]/3.6/BDFUENTES[[#This Row],[PZ CHB Horas Activo]] -> 38.873457 | AM58: 18 | AN58: =IF(AO58>0,AO57," ") -> 3639954 | AO58: 3642473 | AP58: =IFERROR((AO58-AN58)," ") -> 2519 | AR58: =IFERROR(+AU58/(AQ58*3.6)," ") | AS58: =IF(AT58>0,AT57," ") | AU58: =IFERROR((AT58-AS58)," ") | AV58: =+BDFUENTES[[#This Row],[PZ TM m3/día]]/3.6/BDFUENTES[[#This Row],[PZ TM Horas Activo]] -> 11.222222 | AW58: 15 | AX58: =IF(AY58>0,AY57," ") -> 596209 | AY58: 596815 | AZ58: =IFERROR((AY58-AX58)," ") -> 606 | BA58: 125 | BB58: =IFERROR(+BE58/(BA58*3.6)," ") -> 3.0711111 | BC58: =IF(BD58>0,BD57," ") -> 5968366 | BD58: 5969748 | BE58: =IFERROR((BD58-BC58)," ") -> 1382 | BF58: 20 | BG58: =IFERROR(+BJ58/(BF58*3.6)," ") -> 16.986111 | BH58: =IF(BI58>0,BI57," ") -> 1587186 | BI58: 1588409 | BJ58: =IFERROR((BI58-BH58)," ") -> 1223 | BK58: 70 | BL58: =IFERROR(+BO58/(BK58*3.6)," ") -> 11.718254 | BM58: =IF(BN58>0,BN57," ") -> 6317185 | BN58: 6320138 | BO58: =IFERROR((BN58-BM58)," ") -> 2953
B59: 46077 | C59: 38 | D59: =IFERROR(+G59/(C59*3.6)," ") -> 17.295322 | E59: =IF(F59>0,F58," ") -> 3836411 | F59: 3838777 | G59: =IFERROR((F59-E59)," ") -> 2366 | H59: 25 | I59: =IFERROR(+L59/(H59*3.6)," ") -> 0 | J59: =IF(K59>0,K58," ") -> 1970853 | K59: 1970853 | L59: =IFERROR((K59-J59)," ") -> 0 | M59: 38 | N59: =IFERROR(+Q59/(M59*3.6)," ") -> 0 | O59: =IF(P59>0,P58," ") -> 414656 | P59: 414656 | Q59: =IFERROR((P59-O59)," ") -> 0 | R59: =+BDFUENTES[[#This Row],[PZ MED m3/día]]/3.6/BDFUENTES[[#This Row],[PZ MED Horas Activo]] -> 29.415205 | S59: 19 | T59: =IF(U59>0,U58," ") -> 304456 | U59: 306468 | V59: =IFERROR((U59-T59)," ") -> 2012 | W59: =IFERROR((AA59/X59)/3.6," ") -> 349.09722 | X59: 24 | Y59: =IF(Z59>0,Z58," ") -> 2367176.5 | Z59: 2399350.5 | AA59: =IFERROR((Z59-Y59)," ")-BDFUENTES[[#This Row],[PZ MED m3/día]] -> 30162 | AB59: =IFERROR(ROUNDDOWN(+AF59/(AC59*3.6),0)," ") -> 60 | AC59: 19 | AD59: =IF(AE59>0,AE58," ") -> 5318588 | AE59: 5322703 | AF59: =IFERROR((AE59-AD59)," ") -> 4115 | AG59: 60 | AH59: 24 | AK59: =IF(OR(AH59="",AG59=""),"",AH59*AG59*3.6) -> 5184 | AL59: =+BDFUENTES[[#This Row],[PZ CHB m3/día]]/3.6/BDFUENTES[[#This Row],[PZ CHB Horas Activo]] -> 39.243827 | AM59: 18 | AN59: =IF(AO59>0,AO58," ") -> 3642473 | AO59: 3645016 | AP59: =IFERROR((AO59-AN59)," ") -> 2543 | AR59: =IFERROR(+AU59/(AQ59*3.6)," ") | AS59: =IF(AT59>0,AT58," ") | AU59: =IFERROR((AT59-AS59)," ") | AV59: =+BDFUENTES[[#This Row],[PZ TM m3/día]]/3.6/BDFUENTES[[#This Row],[PZ TM Horas Activo]] -> 11.703704 | AW59: 15 | AX59: =IF(AY59>0,AY58," ") -> 596815 | AY59: 597447 | AZ59: =IFERROR((AY59-AX59)," ") -> 632 | BA59: 125 | BB59: =IFERROR(+BE59/(BA59*3.6)," ") -> 5.3755556 | BC59: =IF(BD59>0,BD58," ") -> 5969748 | BD59: 5972167 | BE59: =IFERROR((BD59-BC59)," ") -> 2419 | BF59: 20 | BG59: =IFERROR(+BJ59/(BF59*3.6)," ") -> 16.944444 | BH59: =IF(BI59>0,BI58," ") -> 1588409 | BI59: 1589629 | BJ59: =IFERROR((BI59-BH59)," ") -> 1220 | BK59: 70 | BL59: =IFERROR(+BO59/(BK59*3.6)," ") -> 18.031746 | BM59: =IF(BN59>0,BN58," ") -> 6320138 | BN59: 6324682 | BO59: =IFERROR((BN59-BM59)," ") -> 4544
B60: 46078 | C60: 38 | D60: =IFERROR(+G60/(C60*3.6)," ") -> 16.988304 | E60: =IF(F60>0,F59," ") -> 3838777 | F60: 3841101 | G60: =IFERROR((F60-E60)," ") -> 2324 | H60: 25 | I60: =IFERROR(+L60/(H60*3.6)," ") -> 0 | J60: =IF(K60>0,K59," ") -> 1970853 | K60: 1970853 | L60: =IFERROR((K60-J60)," ") -> 0 | M60: 38 | N60: =IFERROR(+Q60/(M60*3.6)," ") -> 0 | O60: =IF(P60>0,P59," ") -> 414656 | P60: 414656 | Q60: =IFERROR((P60-O60)," ") -> 0 | R60: =+BDFUENTES[[#This Row],[PZ MED m3/día]]/3.6/BDFUENTES[[#This Row],[PZ MED Horas Activo]] -> 29.675926 | S60: 18 | T60: =IF(U60>0,U59," ") -> 306468 | U60: 308391 | V60: =IFERROR((U60-T60)," ") -> 1923 | W60: =IFERROR((AA60/X60)/3.6," ") -> 427.25694 | X60: 24 | Y60: =IF(Z60>0,Z59," ") -> 2399350.5 | Z60: 2438188.5 | AA60: =IFERROR((Z60-Y60)," ")-BDFUENTES[[#This Row],[PZ MED m3/día]] -> 36915 | AB60: =IFERROR(ROUNDDOWN(+AF60/(AC60*3.6),0)," ") -> 60 | AC60: 24 | AD60: =IF(AE60>0,AE59," ") -> 5322703 | AE60: 5327889 | AF60: =IFERROR((AE60-AD60)," ") -> 5186 | AG60: 60 | AH60: 24 | AK60: =IF(OR(AH60="",AG60=""),"",AH60*AG60*3.6) -> 5184 | AL60: =+BDFUENTES[[#This Row],[PZ CHB m3/día]]/3.6/BDFUENTES[[#This Row],[PZ CHB Horas Activo]] -> 38.919753 | AM60: 18 | AN60: =IF(AO60>0,AO59," ") -> 3645016 | AO60: 3647538 | AP60: =IFERROR((AO60-AN60)," ") -> 2522 | AR60: =IFERROR(+AU60/(AQ60*3.6)," ") | AS60: =IF(AT60>0,AT59," ") | AU60: =IFERROR((AT60-AS60)," ") | AV60: =+BDFUENTES[[#This Row],[PZ TM m3/día]]/3.6/BDFUENTES[[#This Row],[PZ TM Horas Activo]] -> 11.333333 | AW60: 15 | AX60: =IF(AY60>0,AY59," ") -> 597447 | AY60: 598059 | AZ60: =IFERROR((AY60-AX60)," ") -> 612 | BA60: 125 | BB60: =IFERROR(+BE60/(BA60*3.6)," ") -> 5.0911111 | BC60: =IF(BD60>0,BD59," ") -> 5972167 | BD60: 5974458 | BE60: =IFERROR((BD60-BC60)," ") -> 2291 | BF60: 20 | BG60: =IFERROR(+BJ60/(BF60*3.6)," ") -> 18.041667 | BH60: =IF(BI60>0,BI59," ") -> 1589629 | BI60: 1590928 | BJ60: =IFERROR((BI60-BH60)," ") -> 1299 | BK60: 70 | BL60: =IFERROR(+BO60/(BK60*3.6)," ") -> 16.170635 | BM60: =IF(BN60>0,BN59," ") -> 6324682 | BN60: 6328757 | BO60: =IFERROR((BN60-BM60)," ") -> 4075
B61: 46079 | C61: 38 | D61: =IFERROR(+G61/(C61*3.6)," ") -> 17.032164 | E61: =IF(F61>0,F60," ") -> 3841101 | F61: 3843431 | G61: =IFERROR((F61-E61)," ") -> 2330 | H61: 25 | I61: =IFERROR(+L61/(H61*3.6)," ") -> 0 | J61: =IF(K61>0,K60," ") -> 1970853 | K61: 1970853 | L61: =IFERROR((K61-J61)," ") -> 0 | M61: 38 | N61: =IFERROR(+Q61/(M61*3.6)," ") -> 0 | O61: =IF(P61>0,P60," ") -> 414656 | P61: 414656 | Q61: =IFERROR((P61-O61)," ") -> 0 | R61: =+BDFUENTES[[#This Row],[PZ MED m3/día]]/3.6/BDFUENTES[[#This Row],[PZ MED Horas Activo]] -> 27.561728 | S61: 18 | T61: =IF(U61>0,U60," ") -> 308391 | U61: 310177 | V61: =IFERROR((U61-T61)," ") -> 1786 | W61: =IFERROR((AA61/X61)/3.6," ") -> 434.04204 | X61: 24 | Y61: =IF(Z61>0,Z60," ") -> 2438188.5 | Z61: 2477475.8 | AA61: =IFERROR((Z61-Y61)," ")-BDFUENTES[[#This Row],[PZ MED m3/día]] -> 37501.232 | AB61: =IFERROR(ROUNDDOWN(+AF61/(AC61*3.6),0)," ") -> 60 | AC61: 24 | AD61: =IF(AE61>0,AE60," ") -> 5327889 | AE61: 5333109 | AF61: =IFERROR((AE61-AD61)," ") -> 5220 | AG61: 60 | AH61: 24 | AK61: =IF(OR(AH61="",AG61=""),"",AH61*AG61*3.6) -> 5184 | AL61: =+BDFUENTES[[#This Row],[PZ CHB m3/día]]/3.6/BDFUENTES[[#This Row],[PZ CHB Horas Activo]] -> 39.058642 | AM61: 18 | AN61: =IF(AO61>0,AO60," ") -> 3647538 | AO61: 3650069 | AP61: =IFERROR((AO61-AN61)," ") -> 2531 | AR61: =IFERROR(+AU61/(AQ61*3.6)," ") | AS61: =IF(AT61>0,AT60," ") | AU61: =IFERROR((AT61-AS61)," ") | AV61: =+BDFUENTES[[#This Row],[PZ TM m3/día]]/3.6/BDFUENTES[[#This Row],[PZ TM Horas Activo]] -> 11.537037 | AW61: 15 | AX61: =IF(AY61>0,AY60," ") -> 598059 | AY61: 598682 | AZ61: =IFERROR((AY61-AX61)," ") -> 623 | BA61: 125 | BB61: =IFERROR(+BE61/(BA61*3.6)," ") -> 5.3577778 | BC61: =IF(BD61>0,BD60," ") -> 5974458 | BD61: 5976869 | BE61: =IFERROR((BD61-BC61)," ") -> 2411 | BF61: 20 | BG61: =IFERROR(+BJ61/(BF61*3.6)," ") -> 17.736111 | BH61: =IF(BI61>0,BI60," ") -> 1590928 | BI61: 1592205 | BJ61: =IFERROR((BI61-BH61)," ") -> 1277 | BK61: 70 | BL61: =IFERROR(+BO61/(BK61*3.6)," ") -> 20.075397 | BM61: =IF(BN61>0,BN60," ") -> 6328757 | BN61: 6333816 | BO61: =IFERROR((BN61-BM61)," ") -> 5059
B62: 46080 | C62: 38 | D62: =IFERROR(+G62/(C62*3.6)," ") -> 17.44152 | E62: =IF(F62>0,F61," ") -> 3843431 | F62: 3845817 | G62: =IFERROR((F62-E62)," ") -> 2386 | H62: 25 | I62: =IFERROR(+L62/(H62*3.6)," ") -> 0 | J62: =IF(K62>0,K61," ") -> 1970853 | K62: 1970853 | L62: =IFERROR((K62-J62)," ") -> 0 | M62: 38 | N62: =IFERROR(+Q62/(M62*3.6)," ") -> 0 | O62: =IF(P62>0,P61," ") -> 414656 | P62: 414656 | Q62: =IFERROR((P62-O62)," ") -> 0 | R62: =+BDFUENTES[[#This Row],[PZ MED m3/día]]/3.6/BDFUENTES[[#This Row],[PZ MED Horas Activo]] -> 28.194444 | S62: 18 | T62: =IF(U62>0,U61," ") -> 310177 | U62: 312004 | V62: =IFERROR((U62-T62)," ") -> 1827 | W62: =IFERROR((AA62/X62)/3.6," ") -> 399.63053 | X62: 24 | Y62: =IF(Z62>0,Z61," ") -> 2477475.8 | Z62: 2513830.8 | AA62: =IFERROR((Z62-Y62)," ")-BDFUENTES[[#This Row],[PZ MED m3/día]] -> 34528.078 | AB62: =IFERROR(ROUNDDOWN(+AF62/(AC62*3.6),0)," ") -> 57 | AC62: 24 | AD62: =IF(AE62>0,AE61," ") -> 5333109 | AE62: 5338058 | AF62: =IFERROR((AE62-AD62)," ") -> 4949 | AG62: 60 | AH62: 24 | AK62: =IF(OR(AH62="",AG62=""),"",AH62*AG62*3.6) -> 5184 | AL62: =+BDFUENTES[[#This Row],[PZ CHB m3/día]]/3.6/BDFUENTES[[#This Row],[PZ CHB Horas Activo]] -> 39.503968 | AM62: 14 | AN62: =IF(AO62>0,AO61," ") -> 3650069 | AO62: 3652060 | AP62: =IFERROR((AO62-AN62)," ") -> 1991 | AR62: =IFERROR(+AU62/(AQ62*3.6)," ") | AS62: =IF(AT62>0,AT61," ") | AU62: =IFERROR((AT62-AS62)," ") | AV62: =+BDFUENTES[[#This Row],[PZ TM m3/día]]/3.6/BDFUENTES[[#This Row],[PZ TM Horas Activo]] -> 11.645299 | AW62: 13 | AX62: =IF(AY62>0,AY61," ") -> 598682 | AY62: 599227 | AZ62: =IFERROR((AY62-AX62)," ") -> 545 | BA62: 125 | BB62: =IFERROR(+BE62/(BA62*3.6)," ") -> 5.2577778 | BC62: =IF(BD62>0,BD61," ") -> 5976869 | BD62: 5979235 | BE62: =IFERROR((BD62-BC62)," ") -> 2366 | BF62: 20 | BG62: =IFERROR(+BJ62/(BF62*3.6)," ") -> 16.694444 | BH62: =IF(BI62>0,BI61," ") -> 1592205 | BI62: 1593407 | BJ62: =IFERROR((BI62-BH62)," ") -> 1202 | BK62: 70 | BL62: =IFERROR(+BO62/(BK62*3.6)," ") -> 17.65873 | BM62: =IF(BN62>0,BN61," ") -> 6333816 | BN62: 6338266 | BO62: =IFERROR((BN62-BM62)," ") -> 4450
B63: 46081 | C63: 38 | D63: =IFERROR(+G63/(C63*3.6)," ") -> 17.280702 | E63: =IF(F63>0,F62," ") -> 3845817 | F63: 3848181 | G63: =IFERROR((F63-E63)," ") -> 2364 | H63: 25 | I63: =IFERROR(+L63/(H63*3.6)," ") -> 0 | J63: =IF(K63>0,K62," ") -> 1970853 | K63: 1970853 | L63: =IFERROR((K63-J63)," ") -> 0 | M63: 38 | N63: =IFERROR(+Q63/(M63*3.6)," ") -> 0 | O63: =IF(P63>0,P62," ") -> 414656 | P63: 414656 | Q63: =IFERROR((P63-O63)," ") -> 0 | R63: =+BDFUENTES[[#This Row],[PZ MED m3/día]]/3.6/BDFUENTES[[#This Row],[PZ MED Horas Activo]] -> 0 | S63: 18 | T63: =IF(U63>0,U62," ") -> 312004 | U63: 312004 | V63: =IFERROR((U63-T63)," ") -> 0 | W63: =IFERROR((AA63/X63)/3.6," ") -> 444.39639 | X63: 24 | Y63: =IF(Z63>0,Z62," ") -> 2513830.8 | Z63: 2552226.7 | AA63: =IFERROR((Z63-Y63)," ")-BDFUENTES[[#This Row],[PZ MED m3/día]] -> 38395.848 | AB63: =IFERROR(ROUNDDOWN(+AF63/(AC63*3.6),0)," ") -> 60 | AC63: 20 | AD63: =IF(AE63>0,AE62," ") -> 5338058 | AE63: 5342395 | AF63: =IFERROR((AE63-AD63)," ") -> 4337 | AG63: 60 | AH63: 24 | AK63: =IF(OR(AH63="",AG63=""),"",AH63*AG63*3.6) -> 5184 | AL63: =+BDFUENTES[[#This Row],[PZ CHB m3/día]]/3.6/BDFUENTES[[#This Row],[PZ CHB Horas Activo]] -> 37.982456 | AM63: 19 | AN63: =IF(AO63>0,AO62," ") -> 3652060 | AO63: 3654658 | AP63: =IFERROR((AO63-AN63)," ") -> 2598 | AR63: =IFERROR(+AU63/(AQ63*3.6)," ") | AS63: =IF(AT63>0,AT62," ") | AU63: =IFERROR((AT63-AS63)," ") | AV63: =+BDFUENTES[[#This Row],[PZ TM m3/día]]/3.6/BDFUENTES[[#This Row],[PZ TM Horas Activo]] -> 11.607143 | AW63: 14 | AX63: =IF(AY63>0,AY62," ") -> 599227 | AY63: 599812 | AZ63: =IFERROR((AY63-AX63)," ") -> 585 | BA63: 125 | BB63: =IFERROR(+BE63/(BA63*3.6)," ") -> 5.3111111 | BC63: =IF(BD63>0,BD62," ") -> 5979235 | BD63: 5981625 | BE63: =IFERROR((BD63-BC63)," ") -> 2390 | BF63: 20 | BG63: =IFERROR(+BJ63/(BF63*3.6)," ") -> 17.805556 | BH63: =IF(BI63>0,BI62," ") -> 1593407 | BI63: 1594689 | BJ63: =IFERROR((BI63-BH63)," ") -> 1282 | BK63: 70 | BL63: =IFERROR(+BO63/(BK63*3.6)," ") -> 20.595238 | BM63: =IF(BN63>0,BN62," ") -> 6338266 | BN63: 6343456 | BO63: =IFERROR((BN63-BM63)," ") -> 5190
B64: 46082 | C64: 38 | D64: =IFERROR(+G64/(C64*3.6)," ") -> 17.017544 | E64: =IF(F64>0,F63," ") -> 3848181 | F64: 3850509 | G64: =IFERROR((F64-E64)," ") -> 2328 | H64: 25 | I64: =IFERROR(+L64/(H64*3.6)," ") -> 0 | J64: =IF(K64>0,K63," ") -> 1970853 | K64: 1970853 | L64: =IFERROR((K64-J64)," ") -> 0 | M64: 38 | N64: =IFERROR(+Q64/(M64*3.6)," ") -> 0 | O64: =IF(P64>0,P63," ") -> 414656 | P64: 414656 | Q64: =IFERROR((P64-O64)," ") -> 0 | R64: =+BDFUENTES[[#This Row],[PZ MED m3/día]]/3.6/BDFUENTES[[#This Row],[PZ MED Horas Activo]] -> 0 | S64: 18 | T64: =IF(U64>0,U63," ") -> 312004 | U64: 312004 | V64: =IFERROR((U64-T64)," ") -> 0 | W64: =IFERROR((AA64/X64)/3.6," ") -> 434.23641 | X64: 24 | Y64: =IF(Z64>0,Z63," ") -> 2552226.7 | Z64: 2589744.7 | AA64: =IFERROR((Z64-Y64)," ")-BDFUENTES[[#This Row],[PZ MED m3/día]] -> 37518.026 | AB64: =IFERROR(ROUNDDOWN(+AF64/(AC64*3.6),0)," ") -> 73 | AC64: 20 | AD64: =IF(AE64>0,AE63," ") -> 5342395 | AE64: 5347687 | AF64: =IFERROR((AE64-AD64)," ") -> 5292 | AG64: 60 | AH64: 24 | AK64: =IF(OR(AH64="",AG64=""),"",AH64*AG64*3.6) -> 5184 | AL64: =+BDFUENTES[[#This Row],[PZ CHB m3/día]]/3.6/BDFUENTES[[#This Row],[PZ CHB Horas Activo]] -> 37.032164 | AM64: 19 | AN64: =IF(AO64>0,AO63," ") -> 3654658 | AO64: 3657191 | AP64: =IFERROR((AO64-AN64)," ") -> 2533 | AR64: =IFERROR(+AU64/(AQ64*3.6)," ") | AS64: =IF(AT64>0,AT63," ") | AU64: =IFERROR((AT64-AS64)," ") | AV64: =+BDFUENTES[[#This Row],[PZ TM m3/día]]/3.6/BDFUENTES[[#This Row],[PZ TM Horas Activo]] -> 11.222222 | AW64: 15 | AX64: =IF(AY64>0,AY63," ") -> 599812 | AY64: 600418 | AZ64: =IFERROR((AY64-AX64)," ") -> 606 | BA64: 125 | BB64: =IFERROR(+BE64/(BA64*3.6)," ") -> 5.0177778 | BC64: =IF(BD64>0,BD63," ") -> 5981625 | BD64: 5983883 | BE64: =IFERROR((BD64-BC64)," ") -> 2258 | BF64: 20 | BG64: =IFERROR(+BJ64/(BF64*3.6)," ") -> 17.736111 | BH64: =IF(BI64>0,BI63," ") -> 1594689 | BI64: 1595966 | BJ64: =IFERROR((BI64-BH64)," ") -> 1277 | BK64: 70 | BL64: =IFERROR(+BO64/(BK64*3.6)," ") -> 16.325397 | BM64: =IF(BN64>0,BN63," ") -> 6343456 | BN64: 6347570 | BO64: =IFERROR((BN64-BM64)," ") -> 4114
B65: 46083 | C65: 38 | D65: =IFERROR(+G65/(C65*3.6)," ") -> 0.19005848 | E65: =IF(F65>0,F64," ") -> 3850509 | F65: 3850535 | G65: =IFERROR((F65-E65)," ") -> 26 | H65: 25 | I65: =IFERROR(+L65/(H65*3.6)," ") -> 0 | J65: =IF(K65>0,K64," ") -> 1970853 | K65: 1970853 | L65: =IFERROR((K65-J65)," ") -> 0 | M65: 38 | N65: =IFERROR(+Q65/(M65*3.6)," ") -> 0 | O65: =IF(P65>0,P64," ") -> 414656 | P65: 414656 | Q65: =IFERROR((P65-O65)," ") -> 0 | R65: =+BDFUENTES[[#This Row],[PZ MED m3/día]]/3.6/BDFUENTES[[#This Row],[PZ MED Horas Activo]] -> 29.398148 | S65: 1.2 | T65: =IF(U65>0,U64," ") -> 312004 | U65: 312131 | V65: =IFERROR((U65-T65)," ") -> 127 | W65: =IFERROR((AA65/X65)/3.6," ") -> 337.13047 | X65: 24 | Y65: =IF(Z65>0,Z64," ") -> 2589744.7 | Z65: 2618999.8 | AA65: =IFERROR((Z65-Y65)," ")-BDFUENTES[[#This Row],[PZ MED m3/día]] -> 29128.073 | AB65: =IFERROR(ROUNDDOWN(+AF65/(AC65*3.6),0)," ") -> 59 | AC65: 24 | AD65: =IF(AE65>0,AE64," ") -> 5347687 | AE65: 5352787 | AF65: =IFERROR((AE65-AD65)," ") -> 5100 | AG65: 60 | AH65: 24 | AK65: =IF(OR(AH65="",AG65=""),"",AH65*AG65*3.6) -> 5184 | AL65: =+BDFUENTES[[#This Row],[PZ CHB m3/día]]/3.6/BDFUENTES[[#This Row],[PZ CHB Horas Activo]] -> 37.207602 | AM65: 19 | AN65: =IF(AO65>0,AO64," ") -> 3657191 | AO65: 3659736 | AP65: =IFERROR((AO65-AN65)," ") -> 2545 | AR65: =IFERROR(+AU65/(AQ65*3.6)," ") | AS65: =IF(AT65>0,AT64," ") | AU65: =IFERROR((AT65-AS65)," ") | AV65: =+BDFUENTES[[#This Row],[PZ TM m3/día]]/3.6/BDFUENTES[[#This Row],[PZ TM Horas Activo]] -> 11.423611 | AW65: 16 | AX65: =IF(AY65>0,AY64," ") -> 600418 | AY65: 601076 | AZ65: =IFERROR((AY65-AX65)," ") -> 658 | BA65: 125 | BB65: =IFERROR(+BE65/(BA65*3.6)," ") -> 0.095555556 | BC65: =IF(BD65>0,BD64," ") -> 5983883 | BD65: 5983926 | BE65: =IFERROR((BD65-BC65)," ") -> 43 | BF65: 20 | BG65: =IFERROR(+BJ65/(BF65*3.6)," ") -> 16.930556 | BH65: =IF(BI65>0,BI64," ") -> 1595966 | BI65: 1597185 | BJ65: =IFERROR((BI65-BH65)," ") -> 1219 | BK65: 70 | BL65: =IFERROR(+BO65/(BK65*3.6)," ") -> 14.18254 | BM65: =IF(BN65>0,BN64," ") -> 6347570 | BN65: 6351144 | BO65: =IFERROR((BN65-BM65)," ") -> 3574
B66: 46084 | C66: 38 | D66: =IFERROR(+G66/(C66*3.6)," ") -> 0 | E66: =IF(F66>0,F65," ") -> 3850535 | F66: 3850535 | G66: =IFERROR((F66-E66)," ") -> 0 | H66: 25 | I66: =IFERROR(+L66/(H66*3.6)," ") -> 0 | J66: =IF(K66>0,K65," ") -> 1970853 | K66: 1970853 | L66: =IFERROR((K66-J66)," ") -> 0 | M66: 38 | N66: =IFERROR(+Q66/(M66*3.6)," ") -> 0 | O66: =IF(P66>0,P65," ") -> 414656 | P66: 414656 | Q66: =IFERROR((P66-O66)," ") -> 0 | R66: =+BDFUENTES[[#This Row],[PZ MED m3/día]]/3.6/BDFUENTES[[#This Row],[PZ MED Horas Activo]] -> 30.555556 | S66: 9 | T66: =IF(U66>0,U65," ") -> 312131 | U66: 313121 | V66: =IFERROR((U66-T66)," ") -> 990 | W66: =IFERROR((AA66/X66)/3.6," ") -> 411.56057 | X66: 24 | Y66: =IF(Z66>0,Z65," ") -> 2618999.8 | Z66: 2655548.6 | AA66: =IFERROR((Z66-Y66)," ")-BDFUENTES[[#This Row],[PZ MED m3/día]] -> 35558.833 | AB66: =IFERROR(ROUNDDOWN(+AF66/(AC66*3.6),0)," ") -> 61 | AC66: 24 | AD66: =IF(AE66>0,AE65," ") -> 5352787 | AE66: 5358134 | AF66: =IFERROR((AE66-AD66)," ") -> 5347 | AG66: 60 | AH66: 24 | AK66: =IF(OR(AH66="",AG66=""),"",AH66*AG66*3.6) -> 5184 | AL66: =+BDFUENTES[[#This Row],[PZ CHB m3/día]]/3.6/BDFUENTES[[#This Row],[PZ CHB Horas Activo]] -> 38.688272 | AM66: 18 | AN66: =IF(AO66>0,AO65," ") -> 3659736 | AO66: 3662243 | AP66: =IFERROR((AO66-AN66)," ") -> 2507 | AR66: =IFERROR(+AU66/(AQ66*3.6)," ") | AS66: =IF(AT66>0,AT65," ") | AU66: =IFERROR((AT66-AS66)," ") | AV66: =+BDFUENTES[[#This Row],[PZ TM m3/día]]/3.6/BDFUENTES[[#This Row],[PZ TM Horas Activo]] -> 11.371528 | AW66: 16 | AX66: =IF(AY66>0,AY65," ") -> 601076 | AY66: 601731 | AZ66: =IFERROR((AY66-AX66)," ") -> 655 | BA66: 125 | BB66: =IFERROR(+BE66/(BA66*3.6)," ") -> 0 | BC66: =IF(BD66>0,BD65," ") -> 5983926 | BD66: 5983926 | BE66: =IFERROR((BD66-BC66)," ") -> 0 | BF66: 20 | BG66: =IFERROR(+BJ66/(BF66*3.6)," ") -> 17.319444 | BH66: =IF(BI66>0,BI65," ") -> 1597185 | BI66: 1598432 | BJ66: =IFERROR((BI66-BH66)," ") -> 1247 | BK66: 70 | BL66: =IFERROR(+BO66/(BK66*3.6)," ") -> 17.5 | BM66: =IF(BN66>0,BN65," ") -> 6351144 | BN66: 6355554 | BO66: =IFERROR((BN66-BM66)," ") -> 4410
B67: 46085 | C67: 38 | D67: =IFERROR(+G67/(C67*3.6)," ") -> 6.7032164 | E67: =IF(F67>0,F66," ") -> 3850535 | F67: 3851452 | G67: =IFERROR((F67-E67)," ") -> 917 | H67: 25 | I67: =IFERROR(+L67/(H67*3.6)," ") -> 0 | J67: =IF(K67>0,K66," ") -> 1970853 | K67: 1970853 | L67: =IFERROR((K67-J67)," ") -> 0 | M67: 38 | N67: =IFERROR(+Q67/(M67*3.6)," ") -> 0 | O67: =IF(P67>0,P66," ") -> 414656 | P67: 414656 | Q67: =IFERROR((P67-O67)," ") -> 0 | R67: =+BDFUENTES[[#This Row],[PZ MED m3/día]]/3.6/BDFUENTES[[#This Row],[PZ MED Horas Activo]] -> 29.058642 | S67: 18 | T67: =IF(U67>0,U66," ") -> 313121 | U67: 315004 | V67: =IFERROR((U67-T67)," ") -> 1883 | W67: =IFERROR((AA67/X67)/3.6," ") -> 368.12489 | X67: 24 | Y67: =IF(Z67>0,Z66," ") -> 2655548.6 | Z67: 2689237.6 | AA67: =IFERROR((Z67-Y67)," ")-BDFUENTES[[#This Row],[PZ MED m3/día]] -> 31805.99 | AB67: =IFERROR(ROUNDDOWN(+AF67/(AC67*3.6),0)," ") -> 68 | AC67: 24 | AD67: =IF(AE67>0,AE66," ") -> 5358134 | AE67: 5364075 | AF67: =IFERROR((AE67-AD67)," ") -> 5941 | AG67: 60 | AH67: 24 | AK67: =IF(OR(AH67="",AG67=""),"",AH67*AG67*3.6) -> 5184 | AL67: =+BDFUENTES[[#This Row],[PZ CHB m3/día]]/3.6/BDFUENTES[[#This Row],[PZ CHB Horas Activo]] -> 38.157895 | AM67: 19 | AN67: =IF(AO67>0,AO66," ") -> 3662243 | AO67: 3664853 | AP67: =IFERROR((AO67-AN67)," ") -> 2610 | AR67: =IFERROR(+AU67/(AQ67*3.6)," ") | AS67: =IF(AT67>0,AT66," ") | AU67: =IFERROR((AT67-AS67)," ") | AV67: =+BDFUENTES[[#This Row],[PZ TM m3/día]]/3.6/BDFUENTES[[#This Row],[PZ TM Horas Activo]] -> 11.510417 | AW67: 16 | AX67: =IF(AY67>0,AY66," ") -> 601731 | AY67: 602394 | AZ67: =IFERROR((AY67-AX67)," ") -> 663 | BA67: 125 | BB67: =IFERROR(+BE67/(BA67*3.6)," ") -> 2.3355556 | BC67: =IF(BD67>0,BD66," ") -> 5983926 | BD67: 5984977 | BE67: =IFERROR((BD67-BC67)," ") -> 1051 | BF67: 20 | BG67: =IFERROR(+BJ67/(BF67*3.6)," ") -> 17.166667 | BH67: =IF(BI67>0,BI66," ") -> 1598432 | BI67: 1599668 | BJ67: =IFERROR((BI67-BH67)," ") -> 1236 | BK67: 70 | BL67: =IFERROR(+BO67/(BK67*3.6)," ") -> 20.230159 | BM67: =IF(BN67>0,BN66," ") -> 6355554 | BN67: 6360652 | BO67: =IFERROR((BN67-BM67)," ") -> 5098
B68: 46086 | C68: 38 | D68: =IFERROR(+G68/(C68*3.6)," ") -> 17.609649 | E68: =IF(F68>0,F67," ") -> 3851452 | F68: 3853861 | G68: =IFERROR((F68-E68)," ") -> 2409 | H68: 25 | I68: =IFERROR(+L68/(H68*3.6)," ") -> 0 | J68: =IF(K68>0,K67," ") -> 1970853 | K68: 1970853 | L68: =IFERROR((K68-J68)," ") -> 0 | M68: 38 | N68: =IFERROR(+Q68/(M68*3.6)," ") -> 0 | O68: =IF(P68>0,P67," ") -> 414656 | P68: 414656 | Q68: =IFERROR((P68-O68)," ") -> 0 | R68: =+BDFUENTES[[#This Row],[PZ MED m3/día]]/3.6/BDFUENTES[[#This Row],[PZ MED Horas Activo]] -> 28.74269 | S68: 19 | T68: =IF(U68>0,U67," ") -> 315004 | U68: 316970 | V68: =IFERROR((U68-T68)," ") -> 1966 | W68: =IFERROR((AA68/X68)/3.6," ") -> 429.61961 | X68: 24 | Y68: =IF(Z68>0,Z67," ") -> 2689237.6 | Z68: 2728322.7 | AA68: =IFERROR((Z68-Y68)," ")-BDFUENTES[[#This Row],[PZ MED m3/día]] -> 37119.134 | AB68: =IFERROR(ROUNDDOWN(+AF68/(AC68*3.6),0)," ") -> 60 | AC68: 24 | AD68: =IF(AE68>0,AE67," ") -> 5364075 | AE68: 5369291 | AF68: =IFERROR((AE68-AD68)," ") -> 5216 | AG68: 60 | AH68: 24 | AK68: =IF(OR(AH68="",AG68=""),"",AH68*AG68*3.6) -> 5184 | AL68: =+BDFUENTES[[#This Row],[PZ CHB m3/día]]/3.6/BDFUENTES[[#This Row],[PZ CHB Horas Activo]] -> 38.626543 | AM68: 18 | AN68: =IF(AO68>0,AO67," ") -> 3664853 | AO68: 3667356 | AP68: =IFERROR((AO68-AN68)," ") -> 2503 | AR68: =IFERROR(+AU68/(AQ68*3.6)," ") | AS68: =IF(AT68>0,AT67," ") | AU68: =IFERROR((AT68-AS68)," ") | AV68: =+BDFUENTES[[#This Row],[PZ TM m3/día]]/3.6/BDFUENTES[[#This Row],[PZ TM Horas Activo]] -> 11.354167 | AW68: 16 | AX68: =IF(AY68>0,AY67," ") -> 602394 | AY68: 603048 | AZ68: =IFERROR((AY68-AX68)," ") -> 654 | BA68: 125 | BB68: =IFERROR(+BE68/(BA68*3.6)," ") -> 5.5244444 | BC68: =IF(BD68>0,BD67," ") -> 5984977 | BD68: 5987463 | BE68: =IFERROR((BD68-BC68)," ") -> 2486 | BF68: 20 | BG68: =IFERROR(+BJ68/(BF68*3.6)," ") -> 17.652778 | BH68: =IF(BI68>0,BI67," ") -> 1599668 | BI68: 1600939 | BJ68: =IFERROR((BI68-BH68)," ") -> 1271 | BK68: 70 | BL68: =IFERROR(+BO68/(BK68*3.6)," ") -> 18.138889 | BM68: =IF(BN68>0,BN67," ") -> 6360652 | BN68: 6365223 | BO68: =IFERROR((BN68-BM68)," ") -> 4571
B69: 46087 | C69: 38 | D69: =IFERROR(+G69/(C69*3.6)," ") -> 17.302632 | E69: =IF(F69>0,F68," ") -> 3853861 | F69: 3856228 | G69: =IFERROR((F69-E69)," ") -> 2367 | H69: 25 | I69: =IFERROR(+L69/(H69*3.6)," ") -> 0 | J69: =IF(K69>0,K68," ") -> 1970853 | K69: 1970853 | L69: =IFERROR((K69-J69)," ") -> 0 | M69: 38 | N69: =IFERROR(+Q69/(M69*3.6)," ") -> 0 | O69: =IF(P69>0,P68," ") -> 414656 | P69: 414656 | Q69: =IFERROR((P69-O69)," ") -> 0 | R69: =+BDFUENTES[[#This Row],[PZ MED m3/día]]/3.6/BDFUENTES[[#This Row],[PZ MED Horas Activo]] -> 28.861111 | S69: 20 | T69: =IF(U69>0,U68," ") -> 316970 | U69: 319048 | V69: =IFERROR((U69-T69)," ") -> 2078 | W69: =IFERROR((AA69/X69)/3.6," ") -> 387.10267 | X69: 24 | Y69: =IF(Z69>0,Z68," ") -> 2728322.7 | Z69: 2763846.4 | AA69: =IFERROR((Z69-Y69)," ")-BDFUENTES[[#This Row],[PZ MED m3/día]] -> 33445.671 | AB69: =IFERROR(ROUNDDOWN(+AF69/(AC69*3.6),0)," ") -> 68 | AC69: 24 | AD69: =IF(AE69>0,AE68," ") -> 5369291 | AE69: 5375232 | AF69: =IFERROR((AE69-AD69)," ") -> 5941 | AG69: 60 | AH69: 24 | AK69: =IF(OR(AH69="",AG69=""),"",AH69*AG69*3.6) -> 5184 | AL69: =+BDFUENTES[[#This Row],[PZ CHB m3/día]]/3.6/BDFUENTES[[#This Row],[PZ CHB Horas Activo]] -> 38.16358 | AM69: 18 | AN69: =IF(AO69>0,AO68," ") -> 3667356 | AO69: 3669829 | AP69: =IFERROR((AO69-AN69)," ") -> 2473 | AR69: =IFERROR(+AU69/(AQ69*3.6)," ") | AS69: =IF(AT69>0,AT68," ") | AU69: =IFERROR((AT69-AS69)," ") | AV69: =+BDFUENTES[[#This Row],[PZ TM m3/día]]/3.6/BDFUENTES[[#This Row],[PZ TM Horas Activo]] -> 11.407407 | AW69: 15 | AX69: =IF(AY69>0,AY68," ") -> 603048 | AY69: 603664 | AZ69: =IFERROR((AY69-AX69)," ") -> 616 | BA69: 125 | BB69: =IFERROR(+BE69/(BA69*3.6)," ") -> 5.0533333 | BC69: =IF(BD69>0,BD68," ") -> 5987463 | BD69: 5989737 | BE69: =IFERROR((BD69-BC69)," ") -> 2274 | BF69: 20 | BG69: =IFERROR(+BJ69/(BF69*3.6)," ") -> 17.236111 | BH69: =IF(BI69>0,BI68," ") -> 1600939 | BI69: 1602180 | BJ69: =IFERROR((BI69-BH69)," ") -> 1241 | BK69: 70 | BL69: =IFERROR(+BO69/(BK69*3.6)," ") -> 21.051587 | BM69: =IF(BN69>0,BN68," ") -> 6365223 | BN69: 6370528 | BO69: =IFERROR((BN69-BM69)," ") -> 5305
B70: 46088 | C70: 38 | D70: =IFERROR(+G70/(C70*3.6)," ") -> 16.907895 | E70: =IF(F70>0,F69," ") -> 3856228 | F70: 3858541 | G70: =IFERROR((F70-E70)," ") -> 2313 | H70: 25 | I70: =IFERROR(+L70/(H70*3.6)," ") -> 0 | J70: =IF(K70>0,K69," ") -> 1970853 | K70: 1970853 | L70: =IFERROR((K70-J70)," ") -> 0 | M70: 38 | N70: =IFERROR(+Q70/(M70*3.6)," ") -> 0 | O70: =IF(P70>0,P69," ") -> 414656 | P70: 414656 | Q70: =IFERROR((P70-O70)," ") -> 0 | R70: =+BDFUENTES[[#This Row],[PZ MED m3/día]]/3.6/BDFUENTES[[#This Row],[PZ MED Horas Activo]] -> 28.859649 | S70: 19 | T70: =IF(U70>0,U69," ") -> 319048 | U70: 321022 | V70: =IFERROR((U70-T70)," ") -> 1974 | W70: =IFERROR((AA70/X70)/3.6," ") -> 391.75872 | X70: 24 | Y70: =IF(Z70>0,Z69," ") -> 2763846.4 | Z70: 2799668.4 | AA70: =IFERROR((Z70-Y70)," ")-BDFUENTES[[#This Row],[PZ MED m3/día]] -> 33847.953 | AB70: =IFERROR(ROUNDDOWN(+AF70/(AC70*3.6),0)," ") -> 67 | AC70: 24 | AD70: =IF(AE70>0,AE69," ") -> 5375232 | AE70: 5381032 | AF70: =IFERROR((AE70-AD70)," ") -> 5800 | AG70: 60 | AH70: 24 | AK70: =IF(OR(AH70="",AG70=""),"",AH70*AG70*3.6) -> 5184 | AL70: =+BDFUENTES[[#This Row],[PZ CHB m3/día]]/3.6/BDFUENTES[[#This Row],[PZ CHB Horas Activo]] -> 36.646825 | AM70: 14 | AN70: =IF(AO70>0,AO69," ") -> 3669829 | AO70: 3671676 | AP70: =IFERROR((AO70-AN70)," ") -> 1847 | AR70: =IFERROR(+AU70/(AQ70*3.6)," ") | AS70: =IF(AT70>0,AT69," ") | AU70: =IFERROR((AT70-AS70)," ") | AV70: =+BDFUENTES[[#This Row],[PZ TM m3/día]]/3.6/BDFUENTES[[#This Row],[PZ TM Horas Activo]] -> 11.435185 | AW70: 12 | AX70: =IF(AY70>0,AY69," ") -> 603664 | AY70: 604158 | AZ70: =IFERROR((AY70-AX70)," ") -> 494 | BA70: 125 | BB70: =IFERROR(+BE70/(BA70*3.6)," ") -> 5.5177778 | BC70: =IF(BD70>0,BD69," ") -> 5989737 | BD70: 5992220 | BE70: =IFERROR((BD70-BC70)," ") -> 2483 | BF70: 20 | BG70: =IFERROR(+BJ70/(BF70*3.6)," ") -> 18.5 | BH70: =IF(BI70>0,BI69," ") -> 1602180 | BI70: 1603512 | BJ70: =IFERROR((BI70-BH70)," ") -> 1332 | BK70: 70 | BL70: =IFERROR(+BO70/(BK70*3.6)," ") -> 17.615079 | BM70: =IF(BN70>0,BN69," ") -> 6370528 | BN70: 6374967 | BO70: =IFERROR((BN70-BM70)," ") -> 4439
B71: 46089 | C71: 38 | D71: =IFERROR(+G71/(C71*3.6)," ") -> 17.339181 | E71: =IF(F71>0,F70," ") -> 3858541 | F71: 3860913 | G71: =IFERROR((F71-E71)," ") -> 2372 | H71: 25 | I71: =IFERROR(+L71/(H71*3.6)," ") -> 0 | J71: =IF(K71>0,K70," ") -> 1970853 | K71: 1970853 | L71: =IFERROR((K71-J71)," ") -> 0 | M71: 38 | N71: =IFERROR(+Q71/(M71*3.6)," ") -> 0 | O71: =IF(P71>0,P70," ") -> 414656 | P71: 414656 | Q71: =IFERROR((P71-O71)," ") -> 0 | R71: =+BDFUENTES[[#This Row],[PZ MED m3/día]]/3.6/BDFUENTES[[#This Row],[PZ MED Horas Activo]] -> 28.435673 | S71: 19 | T71: =IF(U71>0,U70," ") -> 321022 | U71: 322967 | V71: =IFERROR((U71-T71)," ") -> 1945 | W71: =IFERROR((AA71/X71)/3.6," ") -> 391.06863 | X71: 24 | Y71: =IF(Z71>0,Z70," ") -> 2799668.4 | Z71: =2832336+(425.79*3.6*2) -> 2835401.7 | AA71: =IFERROR((Z71-Y71)," ")-BDFUENTES[[#This Row],[PZ MED m3/día]] -> 33788.33 | AB71: =IFERROR(ROUNDDOWN(+AF71/(AC71*3.6),0)," ") -> 64 | AC71: 24 | AD71: =IF(AE71>0,AE70," ") -> 5381032 | AE71: 5386564 | AF71: =IFERROR((AE71-AD71)," ") -> 5532 | AG71: 60 | AH71: 24 | AK71: =IF(OR(AH71="",AG71=""),"",AH71*AG71*3.6) -> 5184 | AL71: =+BDFUENTES[[#This Row],[PZ CHB m3/día]]/3.6/BDFUENTES[[#This Row],[PZ CHB Horas Activo]] -> 39.783951 | AM71: 18 | AN71: =IF(AO71>0,AO70," ") -> 3671676 | AO71: 3674254 | AP71: =IFERROR((AO71-AN71)," ") -> 2578 | AR71: =IFERROR(+AU71/(AQ71*3.6)," ") | AS71: =IF(AT71>0,AT70," ") | AU71: =IFERROR((AT71-AS71)," ") | AV71: =+BDFUENTES[[#This Row],[PZ TM m3/día]]/3.6/BDFUENTES[[#This Row],[PZ TM Horas Activo]] -> 11.538462 | AW71: 13 | AX71: =IF(AY71>0,AY70," ") -> 604158 | AY71: 604698 | AZ71: =IFERROR((AY71-AX71)," ") -> 540 | BA71: 125 | BB71: =IFERROR(+BE71/(BA71*3.6)," ") -> 5.34 | BC71: =IF(BD71>0,BD70," ") -> 5992220 | BD71: 5994623 | BE71: =IFERROR((BD71-BC71)," ") -> 2403 | BF71: 20 | BG71: =IFERROR(+BJ71/(BF71*3.6)," ") -> 17.597222 | BH71: =IF(BI71>0,BI70," ") -> 1603512 | BI71: 1604779 | BJ71: =IFERROR((BI71-BH71)," ") -> 1267 | BK71: 70 | BL71: =IFERROR(+BO71/(BK71*3.6)," ") -> 17.083333 | BM71: =IF(BN71>0,BN70," ") -> 6374967 | BN71: 6379272 | BO71: =IFERROR((BN71-BM71)," ") -> 4305
B72: 46090 | C72: 38 | D72: =IFERROR(+G72/(C72*3.6)," ") -> 17.032164 | E72: =IF(F72>0,F71," ") -> 3860913 | F72: 3863243 | G72: =IFERROR((F72-E72)," ") -> 2330 | H72: 25 | I72: =IFERROR(+L72/(H72*3.6)," ") -> 0 | J72: =IF(K72>0,K71," ") -> 1970853 | K72: 1970853 | L72: =IFERROR((K72-J72)," ") -> 0 | M72: 38 | N72: =IFERROR(+Q72/(M72*3.6)," ") -> 0 | O72: =IF(P72>0,P71," ") -> 414656 | P72: 414656 | Q72: =IFERROR((P72-O72)," ") -> 0 | R72: =+BDFUENTES[[#This Row],[PZ MED m3/día]]/3.6/BDFUENTES[[#This Row],[PZ MED Horas Activo]] -> 28.888889 | S72: 16 | T72: =IF(U72>0,U71," ") -> 322967 | U72: 324631 | V72: =IFERROR((U72-T72)," ") -> 1664 | W72: =IFERROR((AA72/X72)/3.6," ") -> 391.64019 | X72: 24 | Y72: =IF(Z72>0,Z71," ") -> 2835401.7 | Z72: 2870903.4 | AA72: =IFERROR((Z72-Y72)," ")-BDFUENTES[[#This Row],[PZ MED m3/día]] -> 33837.712 | AB72: =IFERROR(ROUNDDOWN(+AF72/(AC72*3.6),0)," ") -> 68 | AC72: 24 | AD72: =IF(AE72>0,AE71," ") -> 5386564 | AE72: 5392487 | AF72: =IFERROR((AE72-AD72)," ") -> 5923 | AG72: 60 | AH72: 24 | AK72: =IF(OR(AH72="",AG72=""),"",AH72*AG72*3.6) -> 5184 | AL72: =+BDFUENTES[[#This Row],[PZ CHB m3/día]]/3.6/BDFUENTES[[#This Row],[PZ CHB Horas Activo]] -> 38.842593 | AM72: 18 | AN72: =IF(AO72>0,AO71," ") -> 3674254 | AO72: 3676771 | AP72: =IFERROR((AO72-AN72)," ") -> 2517 | AR72: =IFERROR(+AU72/(AQ72*3.6)," ") | AS72: =IF(AT72>0,AT71," ") | AU72: =IFERROR((AT72-AS72)," ") | AV72: =+BDFUENTES[[#This Row],[PZ TM m3/día]]/3.6/BDFUENTES[[#This Row],[PZ TM Horas Activo]] -> 11.462963 | AW72: 15 | AX72: =IF(AY72>0,AY71," ") -> 604698 | AY72: 605317 | AZ72: =IFERROR((AY72-AX72)," ") -> 619 | BA72: 125 | BB72: =IFERROR(+BE72/(BA72*3.6)," ") -> 5.3355556 | BC72: =IF(BD72>0,BD71," ") -> 5994623 | BD72: 5997024 | BE72: =IFERROR((BD72-BC72)," ") -> 2401 | BF72: 20 | BG72: =IFERROR(+BJ72/(BF72*3.6)," ") -> 15.361111 | BH72: =IF(BI72>0,BI71," ") -> 1604779 | BI72: 1605885 | BJ72: =IFERROR((BI72-BH72)," ") -> 1106 | BK72: 70 | BL72: =IFERROR(+BO72/(BK72*3.6)," ") -> 17.84127 | BM72: =IF(BN72>0,BN71," ") -> 6379272 | BN72: 6383768 | BO72: =IFERROR((BN72-BM72)," ") -> 4496
B73: 46091 | C73: 38 | D73: =IFERROR(+G73/(C73*3.6)," ") -> 17.434211 | E73: =IF(F73>0,F72," ") -> 3863243 | F73: 3865628 | G73: =IFERROR((F73-E73)," ") -> 2385 | H73: 25 | I73: =IFERROR(+L73/(H73*3.6)," ") -> 0 | J73: =IF(K73>0,K72," ") -> 1970853 | K73: 1970853 | L73: =IFERROR((K73-J73)," ") -> 0 | M73: 38 | N73: =IFERROR(+Q73/(M73*3.6)," ") -> 0 | O73: =IF(P73>0,P72," ") -> 414656 | P73: 414656 | Q73: =IFERROR((P73-O73)," ") -> 0 | R73: =+BDFUENTES[[#This Row],[PZ MED m3/día]]/3.6/BDFUENTES[[#This Row],[PZ MED Horas Activo]] -> 28.966049 | S73: 18 | T73: =IF(U73>0,U72," ") -> 324631 | U73: 326508 | V73: =IFERROR((U73-T73)," ") -> 1877 | W73: =IFERROR((AA73/X73)/3.6," ") -> 383.14429 | X73: 24 | Y73: =IF(Z73>0,Z72," ") -> 2870903.4 | Z73: 2905884.1 | AA73: =IFERROR((Z73-Y73)," ")-BDFUENTES[[#This Row],[PZ MED m3/día]] -> 33103.667 | AB73: =IFERROR(ROUNDDOWN(+AF73/(AC73*3.6),0)," ") -> 70 | AC73: 24 | AD73: =IF(AE73>0,AE72," ") -> 5392487 | AE73: 5398592 | AF73: =IFERROR((AE73-AD73)," ") -> 6105 | AG73: 60 | AH73: 24 | AK73: =IF(OR(AH73="",AG73=""),"",AH73*AG73*3.6) -> 5184 | AL73: =+BDFUENTES[[#This Row],[PZ CHB m3/día]]/3.6/BDFUENTES[[#This Row],[PZ CHB Horas Activo]] -> 39.444444 | AM73: 18 | AN73: =IF(AO73>0,AO72," ") -> 3676771 | AO73: 3679327 | AP73: =IFERROR((AO73-AN73)," ") -> 2556 | AR73: =IFERROR(+AU73/(AQ73*3.6)," ") | AS73: =IF(AT73>0,AT72," ") | AU73: =IFERROR((AT73-AS73)," ") | AV73: =+BDFUENTES[[#This Row],[PZ TM m3/día]]/3.6/BDFUENTES[[#This Row],[PZ TM Horas Activo]] -> 11.25 | AW73: 16 | AX73: =IF(AY73>0,AY72," ") -> 605317 | AY73: 605965 | AZ73: =IFERROR((AY73-AX73)," ") -> 648 | BA73: 125 | BB73: =IFERROR(+BE73/(BA73*3.6)," ") -> 5.3488889 | BC73: =IF(BD73>0,BD72," ") -> 5997024 | BD73: 5999431 | BE73: =IFERROR((BD73-BC73)," ") -> 2407 | BF73: 20 | BG73: =IFERROR(+BJ73/(BF73*3.6)," ") -> 17.180556 | BH73: =IF(BI73>0,BI72," ") -> 1605885 | BI73: 1607122 | BJ73: =IFERROR((BI73-BH73)," ") -> 1237 | BK73: 70 | BL73: =IFERROR(+BO73/(BK73*3.6)," ") -> 20.797619 | BM73: =IF(BN73>0,BN72," ") -> 6383768 | BN73: 6389009 | BO73: =IFERROR((BN73-BM73)," ") -> 5241
B74: 46092 | C74: 38 | D74: =IFERROR(+G74/(C74*3.6)," ") -> 16.937135 | E74: =IF(F74>0,F73," ") -> 3865628 | F74: 3867945 | G74: =IFERROR((F74-E74)," ") -> 2317 | H74: 25 | I74: =IFERROR(+L74/(H74*3.6)," ") -> 0 | J74: =IF(K74>0,K73," ") -> 1970853 | K74: 1970853 | L74: =IFERROR((K74-J74)," ") -> 0 | M74: 38 | N74: =IFERROR(+Q74/(M74*3.6)," ") -> 0 | O74: =IF(P74>0,P73," ") -> 414656 | P74: 414656 | Q74: =IFERROR((P74-O74)," ") -> 0 | R74: =+BDFUENTES[[#This Row],[PZ MED m3/día]]/3.6/BDFUENTES[[#This Row],[PZ MED Horas Activo]] -> 29.290123 | S74: 18 | T74: =IF(U74>0,U73," ") -> 326508 | U74: 328406 | V74: =IFERROR((U74-T74)," ") -> 1898 | W74: =IFERROR((AA74/X74)/3.6," ") -> 378.0535 | X74: 24 | Y74: =IF(Z74>0,Z73," ") -> 2905884.1 | Z74: 2940445.9 | AA74: =IFERROR((Z74-Y74)," ")-BDFUENTES[[#This Row],[PZ MED m3/día]] -> 32663.823 | AB74: =IFERROR(ROUNDDOWN(+AF74/(AC74*3.6),0)," ") -> 67 | AC74: 24 | AD74: =IF(AE74>0,AE73," ") -> 5398592 | AE74: 5404388 | AF74: =IFERROR((AE74-AD74)," ") -> 5796 | AG74: 60 | AH74: 24 | AK74: =IF(OR(AH74="",AG74=""),"",AH74*AG74*3.6) -> 5184 | AL74: =+BDFUENTES[[#This Row],[PZ CHB m3/día]]/3.6/BDFUENTES[[#This Row],[PZ CHB Horas Activo]] -> 39.459877 | AM74: 18 | AN74: =IF(AO74>0,AO73," ") -> 3679327 | AO74: 3681884 | AP74: =IFERROR((AO74-AN74)," ") -> 2557 | AR74: =IFERROR(+AU74/(AQ74*3.6)," ") | AS74: =IF(AT74>0,AT73," ") | AU74: =IFERROR((AT74-AS74)," ") | AV74: =+BDFUENTES[[#This Row],[PZ TM m3/día]]/3.6/BDFUENTES[[#This Row],[PZ TM Horas Activo]] -> 11.550926 | AW74: 24 | AX74: =IF(AY74>0,AY73," ") -> 605965 | AY74: 606963 | AZ74: =IFERROR((AY74-AX74)," ") -> 998 | BA74: 125 | BB74: =IFERROR(+BE74/(BA74*3.6)," ") -> 5.2911111 | BC74: =IF(BD74>0,BD73," ") -> 5999431 | BD74: 6001812 | BE74: =IFERROR((BD74-BC74)," ") -> 2381 | BF74: 20 | BG74: =IFERROR(+BJ74/(BF74*3.6)," ") -> 17.125 | BH74: =IF(BI74>0,BI73," ") -> 1607122 | BI74: 1608355 | BJ74: =IFERROR((BI74-BH74)," ") -> 1233 | BK74: 70 | BL74: =IFERROR(+BO74/(BK74*3.6)," ") -> 18.178571 | BM74: =IF(BN74>0,BN73," ") -> 6389009 | BN74: 6393590 | BO74: =IFERROR((BN74-BM74)," ") -> 4581
B75: 46093 | C75: 38 | D75: =IFERROR(+G75/(C75*3.6)," ") -> 17.309942 | E75: =IF(F75>0,F74," ") -> 3867945 | F75: 3870313 | G75: =IFERROR((F75-E75)," ") -> 2368 | H75: 25 | I75: =IFERROR(+L75/(H75*3.6)," ") -> 0 | J75: =IF(K75>0,K74," ") -> 1970853 | K75: 1970853 | L75: =IFERROR((K75-J75)," ") -> 0 | M75: 38 | N75: =IFERROR(+Q75/(M75*3.6)," ") -> 0 | O75: =IF(P75>0,P74," ") -> 414656 | P75: 414656 | Q75: =IFERROR((P75-O75)," ") -> 0 | R75: =+BDFUENTES[[#This Row],[PZ MED m3/día]]/3.6/BDFUENTES[[#This Row],[PZ MED Horas Activo]] -> 28.576389 | S75: 16 | T75: =IF(U75>0,U74," ") -> 328406 | U75: 330052 | V75: =IFERROR((U75-T75)," ") -> 1646 | W75: =IFERROR((AA75/X75)/3.6," ") -> 396.18704 | X75: 24 | Y75: =IF(Z75>0,Z74," ") -> 2940445.9 | Z75: 2976322.4 | AA75: =IFERROR((Z75-Y75)," ")-BDFUENTES[[#This Row],[PZ MED m3/día]] -> 34230.56 | AB75: =IFERROR(ROUNDDOWN(+AF75/(AC75*3.6),0)," ") -> 60 | AC75: 24 | AD75: =IF(AE75>0,AE74," ") -> 5404388 | AE75: 5409606 | AF75: =IFERROR((AE75-AD75)," ") -> 5218 | AG75: 60 | AH75: 24 | AK75: =IF(OR(AH75="",AG75=""),"",AH75*AG75*3.6) -> 5184 | AL75: =+BDFUENTES[[#This Row],[PZ CHB m3/día]]/3.6/BDFUENTES[[#This Row],[PZ CHB Horas Activo]] -> 38.538012 | AM75: 19 | AN75: =IF(AO75>0,AO74," ") -> 3681884 | AO75: 3684520 | AP75: =IFERROR((AO75-AN75)," ") -> 2636 | AR75: =IFERROR(+AU75/(AQ75*3.6)," ") | AS75: =IF(AT75>0,AT74," ") | AU75: =IFERROR((AT75-AS75)," ") | AV75: =+BDFUENTES[[#This Row],[PZ TM m3/día]]/3.6/BDFUENTES[[#This Row],[PZ TM Horas Activo]] -> 11.645299 | AW75: 13 | AX75: =IF(AY75>0,AY74," ") -> 606963 | AY75: 607508 | AZ75: =IFERROR((AY75-AX75)," ") -> 545 | BA75: 125 | BB75: =IFERROR(+BE75/(BA75*3.6)," ") -> 5.72 | BC75: =IF(BD75>0,BD74," ") -> 6001812 | BD75: 6004386 | BE75: =IFERROR((BD75-BC75)," ") -> 2574 | BF75: 20 | BG75: =IFERROR(+BJ75/(BF75*3.6)," ") -> 17.222222 | BH75: =IF(BI75>0,BI74," ") -> 1608355 | BI75: 1609595 | BJ75: =IFERROR((BI75-BH75)," ") -> 1240 | BK75: 70 | BL75: =IFERROR(+BO75/(BK75*3.6)," ") -> 21.265873 | BM75: =IF(BN75>0,BN74," ") -> 6393590 | BN75: 6398949 | BO75: =IFERROR((BN75-BM75)," ") -> 5359
B76: 46094 | C76: 38 | D76: =IFERROR(+G76/(C76*3.6)," ") -> 17.090643 | E76: =IF(F76>0,F75," ") -> 3870313 | F76: 3872651 | G76: =IFERROR((F76-E76)," ") -> 2338 | H76: 25 | I76: =IFERROR(+L76/(H76*3.6)," ") -> 0 | J76: =IF(K76>0,K75," ") -> 1970853 | K76: 1970853 | L76: =IFERROR((K76-J76)," ") -> 0 | M76: 38 | N76: =IFERROR(+Q76/(M76*3.6)," ") -> 0 | O76: =IF(P76>0,P75," ") -> 414656 | P76: 414656 | Q76: =IFERROR((P76-O76)," ") -> 0 | R76: =+BDFUENTES[[#This Row],[PZ MED m3/día]]/3.6/BDFUENTES[[#This Row],[PZ MED Horas Activo]] -> 27.901235 | S76: 18 | T76: =IF(U76>0,U75," ") -> 330052 | U76: 331860 | V76: =IFERROR((U76-T76)," ") -> 1808 | W76: =IFERROR((AA76/X76)/3.6," ") -> 392.9751 | X76: 24 | Y76: =IF(Z76>0,Z75," ") -> 2976322.4 | Z76: 3012083.5 | AA76: =IFERROR((Z76-Y76)," ")-BDFUENTES[[#This Row],[PZ MED m3/día]] -> 33953.048 | AB76: =IFERROR(ROUNDDOWN(+AF76/(AC76*3.6),0)," ") -> 62 | AC76: 24 | AD76: =IF(AE76>0,AE75," ") -> 5409606 | AE76: 5414981 | AF76: =IFERROR((AE76-AD76)," ") -> 5375 | AG76: 60 | AH76: 24 | AK76: =IF(OR(AH76="",AG76=""),"",AH76*AG76*3.6) -> 5184 | AL76: =+BDFUENTES[[#This Row],[PZ CHB m3/día]]/3.6/BDFUENTES[[#This Row],[PZ CHB Horas Activo]] -> 38.935185 | AM76: 18 | AN76: =IF(AO76>0,AO75," ") -> 3684520 | AO76: 3687043 | AP76: =IFERROR((AO76-AN76)," ") -> 2523 | AR76: =IFERROR(+AU76/(AQ76*3.6)," ") | AS76: =IF(AT76>0,AT75," ") | AU76: =IFERROR((AT76-AS76)," ") | AV76: =+BDFUENTES[[#This Row],[PZ TM m3/día]]/3.6/BDFUENTES[[#This Row],[PZ TM Horas Activo]] -> 11.650327 | AW76: 17 | AX76: =IF(AY76>0,AY75," ") -> 607508 | AY76: 608221 | AZ76: =IFERROR((AY76-AX76)," ") -> 713 | BA76: 125 | BB76: =IFERROR(+BE76/(BA76*3.6)," ") -> 5.0511111 | BC76: =IF(BD76>0,BD75," ") -> 6004386 | BD76: 6006659 | BE76: =IFERROR((BD76-BC76)," ") -> 2273 | BF76: 20 | BG76: =IFERROR(+BJ76/(BF76*3.6)," ") -> 17.513889 | BH76: =IF(BI76>0,BI75," ") -> 1609595 | BI76: 1610856 | BJ76: =IFERROR((BI76-BH76)," ") -> 1261 | BK76: 70 | BL76: =IFERROR(+BO76/(BK76*3.6)," ") -> 17.980159 | BM76: =IF(BN76>0,BN75," ") -> 6398949 | BN76: 6403480 | BO76: =IFERROR((BN76-BM76)," ") -> 4531
B77: 46095 | C77: 38 | D77: =IFERROR(+G77/(C77*3.6)," ") -> 17.397661 | E77: =IF(F77>0,F76," ") -> 3872651 | F77: 3875031 | G77: =IFERROR((F77-E77)," ") -> 2380 | H77: 25 | I77: =IFERROR(+L77/(H77*3.6)," ") -> 0 | J77: =IF(K77>0,K76," ") -> 1970853 | K77: 1970853 | L77: =IFERROR((K77-J77)," ") -> 0 | M77: 38 | N77: =IFERROR(+Q77/(M77*3.6)," ") -> 0 | O77: =IF(P77>0,P76," ") -> 414656 | P77: 414656 | Q77: =IFERROR((P77-O77)," ") -> 0 | R77: =+BDFUENTES[[#This Row],[PZ MED m3/día]]/3.6/BDFUENTES[[#This Row],[PZ MED Horas Activo]] -> 28.765432 | S77: 18 | T77: =IF(U77>0,U76," ") -> 331860 | U77: 333724 | V77: =IFERROR((U77-T77)," ") -> 1864 | W77: =IFERROR((AA77/X77)/3.6," ") -> 379.74741 | X77: 24 | Y77: =IF(Z77>0,Z76," ") -> 3012083.5 | Z77: 3046757.7 | AA77: =IFERROR((Z77-Y77)," ")-BDFUENTES[[#This Row],[PZ MED m3/día]] -> 32810.176 | AB77: =IFERROR(ROUNDDOWN(+AF77/(AC77*3.6),0)," ") -> 63 | AC77: 24 | AD77: =IF(AE77>0,AE76," ") -> 5414981 | AE77: 5420475 | AF77: =IFERROR((AE77-AD77)," ") -> 5494 | AG77: 60 | AH77: 24 | AK77: =IF(OR(AH77="",AG77=""),"",AH77*AG77*3.6) -> 5184 | AL77: =+BDFUENTES[[#This Row],[PZ CHB m3/día]]/3.6/BDFUENTES[[#This Row],[PZ CHB Horas Activo]] -> 39.444444 | AM77: 18 | AN77: =IF(AO77>0,AO76," ") -> 3687043 | AO77: 3689599 | AP77: =IFERROR((AO77-AN77)," ") -> 2556 | AR77: =IFERROR(+AU77/(AQ77*3.6)," ") | AS77: =IF(AT77>0,AT76," ") | AU77: =IFERROR((AT77-AS77)," ") | AV77: =+BDFUENTES[[#This Row],[PZ TM m3/día]]/3.6/BDFUENTES[[#This Row],[PZ TM Horas Activo]] -> 11.284722 | AW77: 16 | AX77: =IF(AY77>0,AY76," ") -> 608221 | AY77: 608871 | AZ77: =IFERROR((AY77-AX77)," ") -> 650 | BA77: 125 | BB77: =IFERROR(+BE77/(BA77*3.6)," ") -> 5.5422222 | BC77: =IF(BD77>0,BD76," ") -> 6006659 | BD77: 6009153 | BE77: =IFERROR((BD77-BC77)," ") -> 2494 | BF77: 20 | BG77: =IFERROR(+BJ77/(BF77*3.6)," ") -> 18.361111 | BH77: =IF(BI77>0,BI76," ") -> 1610856 | BI77: 1612178 | BJ77: =IFERROR((BI77-BH77)," ") -> 1322 | BK77: 70 | BL77: =IFERROR(+BO77/(BK77*3.6)," ") -> 20.797619 | BM77: =IF(BN77>0,BN76," ") -> 6403480 | BN77: 6408721 | BO77: =IFERROR((BN77-BM77)," ") -> 5241
B78: 46096 | C78: 38 | D78: =IFERROR(+G78/(C78*3.6)," ") -> 17.105263 | E78: =IF(F78>0,F77," ") -> 3875031 | F78: 3877371 | G78: =IFERROR((F78-E78)," ") -> 2340 | H78: 25 | I78: =IFERROR(+L78/(H78*3.6)," ") -> 0 | J78: =IF(K78>0,K77," ") -> 1970853 | K78: 1970853 | L78: =IFERROR((K78-J78)," ") -> 0 | M78: 38 | N78: =IFERROR(+Q78/(M78*3.6)," ") -> 0 | O78: =IF(P78>0,P77," ") -> 414656 | P78: 414656 | Q78: =IFERROR((P78-O78)," ") -> 0 | R78: =+BDFUENTES[[#This Row],[PZ MED m3/día]]/3.6/BDFUENTES[[#This Row],[PZ MED Horas Activo]] -> 27.299383 | S78: 18 | T78: =IF(U78>0,U77," ") -> 333724 | U78: 335493 | V78: =IFERROR((U78-T78)," ") -> 1769 | W78: =IFERROR((AA78/X78)/3.6," ") -> 378.17553 | X78: 24 | Y78: =IF(Z78>0,Z77," ") -> 3046757.7 | Z78: =3082540.6-(3.6*1*372.1) -> 3081201 | AA78: =IFERROR((Z78-Y78)," ")-BDFUENTES[[#This Row],[PZ MED m3/día]] -> 32674.366 | AB78: =IFERROR(ROUNDDOWN(+AF78/(AC78*3.6),0)," ") -> 61 | AC78: 24 | AD78: =IF(AE78>0,AE77," ") -> 5420475 | AE78: 5425816 | AF78: =IFERROR((AE78-AD78)," ") -> 5341 | AG78: 60 | AH78: 24 | AK78: =IF(OR(AH78="",AG78=""),"",AH78*AG78*3.6) -> 5184 | AL78: =+BDFUENTES[[#This Row],[PZ CHB m3/día]]/3.6/BDFUENTES[[#This Row],[PZ CHB Horas Activo]] -> 39.33642 | AM78: 18 | AN78: =IF(AO78>0,AO77," ") -> 3689599 | AO78: 3692148 | AP78: =IFERROR((AO78-AN78)," ") -> 2549 | AR78: =IFERROR(+AU78/(AQ78*3.6)," ") | AS78: =IF(AT78>0,AT77," ") | AU78: =IFERROR((AT78-AS78)," ") | AV78: =+BDFUENTES[[#This Row],[PZ TM m3/día]]/3.6/BDFUENTES[[#This Row],[PZ TM Horas Activo]] -> 11.059028 | AW78: 16 | AX78: =IF(AY78>0,AY77," ") -> 608871 | AY78: 609508 | AZ78: =IFERROR((AY78-AX78)," ") -> 637 | BA78: 125 | BB78: =IFERROR(+BE78/(BA78*3.6)," ") -> 5.3022222 | BC78: =IF(BD78>0,BD77," ") -> 6009153 | BD78: 6011539 | BE78: =IFERROR((BD78-BC78)," ") -> 2386 | BF78: 20 | BG78: =IFERROR(+BJ78/(BF78*3.6)," ") -> 17.277778 | BH78: =IF(BI78>0,BI77," ") -> 1612178 | BI78: 1613422 | BJ78: =IFERROR((BI78-BH78)," ") -> 1244 | BK78: 70 | BL78: =IFERROR(+BO78/(BK78*3.6)," ") -> 17.22619 | BM78: =IF(BN78>0,BN77," ") -> 6408721 | BN78: 6413062 | BO78: =IFERROR((BN78-BM78)," ") -> 4341
B79: 46097 | C79: 38 | D79: =IFERROR(+G79/(C79*3.6)," ") -> 17.54386 | E79: =IF(F79>0,F78," ") -> 3877371 | F79: 3879771 | G79: =IFERROR((F79-E79)," ") -> 2400 | H79: 25 | I79: =IFERROR(+L79/(H79*3.6)," ") -> 0 | J79: =IF(K79>0,K78," ") -> 1970853 | K79: 1970853 | L79: =IFERROR((K79-J79)," ") -> 0 | M79: 38 | N79: =IFERROR(+Q79/(M79*3.6)," ") -> 0 | O79: =IF(P79>0,P78," ") -> 414656 | P79: 414656 | Q79: =IFERROR((P79-O79)," ") -> 0 | R79: =+BDFUENTES[[#This Row],[PZ MED m3/día]]/3.6/BDFUENTES[[#This Row],[PZ MED Horas Activo]] -> 29.083333 | S79: 20 | T79: =IF(U79>0,U78," ") -> 335493 | U79: 337587 | V79: =IFERROR((U79-T79)," ") -> 2094 | W79: =IFERROR((AA79/X79)/3.6," ") -> 361.49306 | X79: 24 | Y79: =IF(Z79>0,Z78," ") -> 3081201 | Z79: =3115867.6-(3.6*1*372.1) -> 3114528 | AA79: =IFERROR((Z79-Y79)," ")-BDFUENTES[[#This Row],[PZ MED m3/día]] -> 31233 | AB79: =IFERROR(ROUNDDOWN(+AF79/(AC79*3.6),0)," ") -> 64 | AC79: 24 | AD79: =IF(AE79>0,AE78," ") -> 5425816 | AE79: 5431420 | AF79: =IFERROR((AE79-AD79)," ") -> 5604 | AG79: 60 | AH79: 24 | AK79: =IF(OR(AH79="",AG79=""),"",AH79*AG79*3.6) -> 5184 | AL79: =+BDFUENTES[[#This Row],[PZ CHB m3/día]]/3.6/BDFUENTES[[#This Row],[PZ CHB Horas Activo]] -> 38.117284 | AM79: 18 | AN79: =IF(AO79>0,AO78," ") -> 3692148 | AO79: 3694618 | AP79: =IFERROR((AO79-AN79)," ") -> 2470 | AR79: =IFERROR(+AU79/(AQ79*3.6)," ") | AS79: =IF(AT79>0,AT78," ") | AU79: =IFERROR((AT79-AS79)," ") | AV79: =+BDFUENTES[[#This Row],[PZ TM m3/día]]/3.6/BDFUENTES[[#This Row],[PZ TM Horas Activo]] -> 11.40625 | AW79: 16 | AX79: =IF(AY79>0,AY78," ") -> 609508 | AY79: 610165 | AZ79: =IFERROR((AY79-AX79)," ") -> 657 | BA79: 125 | BB79: =IFERROR(+BE79/(BA79*3.6)," ") -> 5.3133333 | BC79: =IF(BD79>0,BD78," ") -> 6011539 | BD79: 6013930 | BE79: =IFERROR((BD79-BC79)," ") -> 2391 | BF79: 20 | BG79: =IFERROR(+BJ79/(BF79*3.6)," ") -> 16.597222 | BH79: =IF(BI79>0,BI78," ") -> 1613422 | BI79: 1614617 | BJ79: =IFERROR((BI79-BH79)," ") -> 1195 | BK79: 70 | BL79: =IFERROR(+BO79/(BK79*3.6)," ") -> 15.968254 | BM79: =IF(BN79>0,BN78," ") -> 6413062 | BN79: 6417086 | BO79: =IFERROR((BN79-BM79)," ") -> 4024
B80: 46098 | C80: 38 | D80: =IFERROR(+G80/(C80*3.6)," ") -> 17.50731 | E80: =IF(F80>0,F79," ") -> 3879771 | F80: 3882166 | G80: =IFERROR((F80-E80)," ") -> 2395 | H80: 25 | I80: =IFERROR(+L80/(H80*3.6)," ") -> 0 | J80: =IF(K80>0,K79," ") -> 1970853 | K80: 1970853 | L80: =IFERROR((K80-J80)," ") -> 0 | M80: 38 | N80: =IFERROR(+Q80/(M80*3.6)," ") -> 0 | O80: =IF(P80>0,P79," ") -> 414656 | P80: 414656 | Q80: =IFERROR((P80-O80)," ") -> 0 | R80: =+BDFUENTES[[#This Row],[PZ MED m3/día]]/3.6/BDFUENTES[[#This Row],[PZ MED Horas Activo]] -> 28.888889 | S80: 19 | T80: =IF(U80>0,U79," ") -> 337587 | U80: 339563 | V80: =IFERROR((U80-T80)," ") -> 1976 | W80: =IFERROR((AA80/X80)/3.6," ") -> 362.28803 | X80: 24 | Y80: =IF(Z80>0,Z79," ") -> 3114528 | Z80: 3147805.7 | AA80: =IFERROR((Z80-Y80)," ")-BDFUENTES[[#This Row],[PZ MED m3/día]] -> 31301.686 | AB80: =IFERROR(ROUNDDOWN(+AF80/(AC80*3.6),0)," ") -> 63 | AC80: 24 | AD80: =IF(AE80>0,AE79," ") -> 5431420 | AE80: 5436903 | AF80: =IFERROR((AE80-AD80)," ") -> 5483 | AG80: 60 | AH80: 24 | AK80: =IF(OR(AH80="",AG80=""),"",AH80*AG80*3.6) -> 5184 | AL80: =+BDFUENTES[[#This Row],[PZ CHB m3/día]]/3.6/BDFUENTES[[#This Row],[PZ CHB Horas Activo]] -> 39.675926 | AM80: 18 | AN80: =IF(AO80>0,AO79," ") -> 3694618 | AO80: 3697189 | AP80: =IFERROR((AO80-AN80)," ") -> 2571 | AR80: =IFERROR(+AU80/(AQ80*3.6)," ") | AS80: =IF(AT80>0,AT79," ") | AU80: =IFERROR((AT80-AS80)," ") | AV80: =+BDFUENTES[[#This Row],[PZ TM m3/día]]/3.6/BDFUENTES[[#This Row],[PZ TM Horas Activo]] -> 11.024306 | AW80: 16 | AX80: =IF(AY80>0,AY79," ") -> 610165 | AY80: 610800 | AZ80: =IFERROR((AY80-AX80)," ") -> 635 | BA80: 125 | BB80: =IFERROR(+BE80/(BA80*3.6)," ") -> 5.4733333 | BC80: =IF(BD80>0,BD79," ") -> 6013930 | BD80: 6016393 | BE80: =IFERROR((BD80-BC80)," ") -> 2463 | BF80: 20 | BG80: =IFERROR(+BJ80/(BF80*3.6)," ") -> 16.930556 | BH80: =IF(BI80>0,BI79," ") -> 1614617 | BI80: 1615836 | BJ80: =IFERROR((BI80-BH80)," ") -> 1219 | BK80: 70 | BL80: =IFERROR(+BO80/(BK80*3.6)," ") -> 17.845238 | BM80: =IF(BN80>0,BN79," ") -> 6417086 | BN80: 6421583 | BO80: =IFERROR((BN80-BM80)," ") -> 4497
B81: 46099 | C81: 38 | D81: =IFERROR(+G81/(C81*3.6)," ") -> 17.119883 | E81: =IF(F81>0,F80," ") -> 3882166 | F81: 3884508 | G81: =IFERROR((F81-E81)," ") -> 2342 | H81: 25 | I81: =IFERROR(+L81/(H81*3.6)," ") -> 0 | J81: =IF(K81>0,K80," ") -> 1970853 | K81: 1970853 | L81: =IFERROR((K81-J81)," ") -> 0 | M81: 38 | N81: =IFERROR(+Q81/(M81*3.6)," ") -> 0 | O81: =IF(P81>0,P80," ") -> 414656 | P81: 414656 | Q81: =IFERROR((P81-O81)," ") -> 0 | R81: =+BDFUENTES[[#This Row],[PZ MED m3/día]]/3.6/BDFUENTES[[#This Row],[PZ MED Horas Activo]] -> 28.538012 | S81: 19 | T81: =IF(U81>0,U80," ") -> 339563 | U81: 341515 | V81: =IFERROR((U81-T81)," ") -> 1952 | W81: =IFERROR((AA81/X81)/3.6," ") -> 389.23589 | X81: 24 | Y81: =IF(Z81>0,Z80," ") -> 3147805.7 | Z81: 3183387.7 | AA81: =IFERROR((Z81-Y81)," ")-BDFUENTES[[#This Row],[PZ MED m3/día]] -> 33629.981 | AB81: =IFERROR(ROUNDDOWN(+AF81/(AC81*3.6),0)," ") -> 58 | AC81: 24 | AD81: =IF(AE81>0,AE80," ") -> 5436903 | AE81: 5441946 | AF81: =IFERROR((AE81-AD81)," ") -> 5043 | AG81: 60 | AH81: 24 | AK81: =IF(OR(AH81="",AG81=""),"",AH81*AG81*3.6) -> 5184 | AL81: =+BDFUENTES[[#This Row],[PZ CHB m3/día]]/3.6/BDFUENTES[[#This Row],[PZ CHB Horas Activo]] -> 39.058642 | AM81: 18 | AN81: =IF(AO81>0,AO80," ") -> 3697189 | AO81: 3699720 | AP81: =IFERROR((AO81-AN81)," ") -> 2531 | AR81: =IFERROR(+AU81/(AQ81*3.6)," ") | AS81: =IF(AT81>0,AT80," ") | AU81: =IFERROR((AT81-AS81)," ") | AV81: =+BDFUENTES[[#This Row],[PZ TM m3/día]]/3.6/BDFUENTES[[#This Row],[PZ TM Horas Activo]] -> 11.611111 | AW81: 15 | AX81: =IF(AY81>0,AY80," ") -> 610800 | AY81: 611427 | AZ81: =IFERROR((AY81-AX81)," ") -> 627 | BA81: 125 | BB81: =IFERROR(+BE81/(BA81*3.6)," ") -> 5.52 | BC81: =IF(BD81>0,BD80," ") -> 6016393 | BD81: 6018877 | BE81: =IFERROR((BD81-BC81)," ") -> 2484 | BF81: 20 | BG81: =IFERROR(+BJ81/(BF81*3.6)," ") -> 17.444444 | BH81: =IF(BI81>0,BI80," ") -> 1615836 | BI81: 1617092 | BJ81: =IFERROR((BI81-BH81)," ") -> 1256 | BK81: 70 | BL81: =IFERROR(+BO81/(BK81*3.6)," ") -> 21.686508 | BM81: =IF(BN81>0,BN80," ") -> 6421583 | BN81: 6427048 | BO81: =IFERROR((BN81-BM81)," ") -> 5465
B82: 46100 | C82: 38 | D82: =IFERROR(+G82/(C82*3.6)," ") -> 17.54386 | E82: =IF(F82>0,F81," ") -> 3884508 | F82: 3886908 | G82: =IFERROR((F82-E82)," ") -> 2400 | H82: 25 | I82: =IFERROR(+L82/(H82*3.6)," ") -> 0 | J82: =IF(K82>0,K81," ") -> 1970853 | K82: 1970853 | L82: =IFERROR((K82-J82)," ") -> 0 | M82: 38 | N82: =IFERROR(+Q82/(M82*3.6)," ") -> 0 | O82: =IF(P82>0,P81," ") -> 414656 | P82: 414656 | Q82: =IFERROR((P82-O82)," ") -> 0 | R82: =+BDFUENTES[[#This Row],[PZ MED m3/día]]/3.6/BDFUENTES[[#This Row],[PZ MED Horas Activo]] -> 29.361111 | S82: 20 | T82: =IF(U82>0,U81," ") -> 341515 | U82: 343629 | V82: =IFERROR((U82-T82)," ") -> 2114 | W82: =IFERROR((AA82/X82)/3.6," ") -> 391.45106 | X82: 24 | Y82: =IF(Z82>0,Z81," ") -> 3183387.7 | Z82: 3219323.1 | AA82: =IFERROR((Z82-Y82)," ")-BDFUENTES[[#This Row],[PZ MED m3/día]] -> 33821.372 | AB82: =IFERROR(ROUNDDOWN(+AF82/(AC82*3.6),0)," ") -> 63 | AC82: 24 | AD82: =IF(AE82>0,AE81," ") -> 5441946 | AE82: 5447424 | AF82: =IFERROR((AE82-AD82)," ") -> 5478 | AG82: 60 | AH82: 24 | AK82: =IF(OR(AH82="",AG82=""),"",AH82*AG82*3.6) -> 5184 | AL82: =+BDFUENTES[[#This Row],[PZ CHB m3/día]]/3.6/BDFUENTES[[#This Row],[PZ CHB Horas Activo]] -> 39.567901 | AM82: 18 | AN82: =IF(AO82>0,AO81," ") -> 3699720 | AO82: 3702284 | AP82: =IFERROR((AO82-AN82)," ") -> 2564 | AR82: =IFERROR(+AU82/(AQ82*3.6)," ") | AS82: =IF(AT82>0,AT81," ") | AU82: =IFERROR((AT82-AS82)," ") | AV82: =+BDFUENTES[[#This Row],[PZ TM m3/día]]/3.6/BDFUENTES[[#This Row],[PZ TM Horas Activo]] -> 11.431624 | AW82: 13 | AX82: =IF(AY82>0,AY81," ") -> 611427 | AY82: 611962 | AZ82: =IFERROR((AY82-AX82)," ") -> 535 | BA82: 125 | BB82: =IFERROR(+BE82/(BA82*3.6)," ") -> 5.6044444 | BC82: =IF(BD82>0,BD81," ") -> 6018877 | BD82: 6021399 | BE82: =IFERROR((BD82-BC82)," ") -> 2522 | BF82: 20 | BG82: =IFERROR(+BJ82/(BF82*3.6)," ") -> 17.291667 | BH82: =IF(BI82>0,BI81," ") -> 1617092 | BI82: 1618337 | BJ82: =IFERROR((BI82-BH82)," ") -> 1245 | BK82: 70 | BL82: =IFERROR(+BO82/(BK82*3.6)," ") -> 18.349206 | BM82: =IF(BN82>0,BN81," ") -> 6427048 | BN82: 6431672 | BO82: =IFERROR((BN82-BM82)," ") -> 4624
B83: 46101 | C83: 38 | D83: =IFERROR(+G83/(C83*3.6)," ") -> 15.906433 | E83: =IF(F83>0,F82," ") -> 3886908 | F83: 3889084 | G83: =IFERROR((F83-E83)," ") -> 2176 | H83: 25 | I83: =IFERROR(+L83/(H83*3.6)," ") -> 0 | J83: =IF(K83>0,K82," ") -> 1970853 | K83: 1970853 | L83: =IFERROR((K83-J83)," ") -> 0 | M83: 38 | N83: =IFERROR(+Q83/(M83*3.6)," ") -> 0 | O83: =IF(P83>0,P82," ") -> 414656 | P83: 414656 | Q83: =IFERROR((P83-O83)," ") -> 0 | R83: =+BDFUENTES[[#This Row],[PZ MED m3/día]]/3.6/BDFUENTES[[#This Row],[PZ MED Horas Activo]] -> 28.919753 | S83: 18 | T83: =IF(U83>0,U82," ") -> 343629 | U83: 345503 | V83: =IFERROR((U83-T83)," ") -> 1874 | W83: =IFERROR((AA83/X83)/3.6," ") -> 390.2135 | X83: 24 | Y83: =IF(Z83>0,Z82," ") -> 3219323.1 | Z83: 3254911.5 | AA83: =IFERROR((Z83-Y83)," ")-BDFUENTES[[#This Row],[PZ MED m3/día]] -> 33714.447 | AB83: =IFERROR(ROUNDDOWN(+AF83/(AC83*3.6),0)," ") -> 63 | AC83: 24 | AD83: =IF(AE83>0,AE82," ") -> 5447424 | AE83: 5452879 | AF83: =IFERROR((AE83-AD83)," ") -> 5455 | AG83: 60 | AH83: 24 | AK83: =IF(OR(AH83="",AG83=""),"",AH83*AG83*3.6) -> 5184 | AL83: =+BDFUENTES[[#This Row],[PZ CHB m3/día]]/3.6/BDFUENTES[[#This Row],[PZ CHB Horas Activo]] -> 37.938596 | AM83: 19 | AN83: =IF(AO83>0,AO82," ") -> 3702284 | AO83: 3704879 | AP83: =IFERROR((AO83-AN83)," ") -> 2595 | AR83: =IFERROR(+AU83/(AQ83*3.6)," ") | AS83: =IF(AT83>0,AT82," ") | AU83: =IFERROR((AT83-AS83)," ") | AV83: =+BDFUENTES[[#This Row],[PZ TM m3/día]]/3.6/BDFUENTES[[#This Row],[PZ TM Horas Activo]] -> 11.740741 | AW83: 15 | AX83: =IF(AY83>0,AY82," ") -> 611962 | AY83: 612596 | AZ83: =IFERROR((AY83-AX83)," ") -> 634 | BA83: 125 | BB83: =IFERROR(+BE83/(BA83*3.6)," ") -> 4.8311111 | BC83: =IF(BD83>0,BD82," ") -> 6021399 | BD83: 6023573 | BE83: =IFERROR((BD83-BC83)," ") -> 2174 | BF83: 20 | BG83: =IFERROR(+BJ83/(BF83*3.6)," ") -> 17.291667 | BH83: =IF(BI83>0,BI82," ") -> 1618337 | BI83: 1619582 | BJ83: =IFERROR((BI83-BH83)," ") -> 1245 | BK83: 70 | BL83: =IFERROR(+BO83/(BK83*3.6)," ") -> 21.93254 | BM83: =IF(BN83>0,BN82," ") -> 6431672 | BN83: 6437199 | BO83: =IFERROR((BN83-BM83)," ") -> 5527
B84: 46102 | C84: 38 | D84: =IFERROR(+G84/(C84*3.6)," ") -> 3.0190058 | E84: =IF(F84>0,F83," ") -> 3889084 | F84: 3889497 | G84: =IFERROR((F84-E84)," ") -> 413 | H84: 25 | I84: =IFERROR(+L84/(H84*3.6)," ") -> 0 | J84: =IF(K84>0,K83," ") -> 1970853 | K84: 1970853 | L84: =IFERROR((K84-J84)," ") -> 0 | M84: 38 | N84: =IFERROR(+Q84/(M84*3.6)," ") -> 0 | O84: =IF(P84>0,P83," ") -> 414656 | P84: 414656 | Q84: =IFERROR((P84-O84)," ") -> 0 | R84: =+BDFUENTES[[#This Row],[PZ MED m3/día]]/3.6/BDFUENTES[[#This Row],[PZ MED Horas Activo]] -> 29.475309 | S84: 18 | T84: =IF(U84>0,U83," ") -> 345503 | U84: 347413 | V84: =IFERROR((U84-T84)," ") -> 1910 | W84: =IFERROR((AA84/X84)/3.6," ") -> 380.65301 | X84: 24 | Y84: =IF(Z84>0,Z83," ") -> 3254911.5 | Z84: 3289709.9 | AA84: =IFERROR((Z84-Y84)," ")-BDFUENTES[[#This Row],[PZ MED m3/día]] -> 32888.42 | AB84: =IFERROR(ROUNDDOWN(+AF84/(AC84*3.6),0)," ") -> 64 | AC84: 24 | AD84: =IF(AE84>0,AE83," ") -> 5452879 | AE84: 5458455 | AF84: =IFERROR((AE84-AD84)," ") -> 5576 | AG84: 60 | AH84: 24 | AK84: =IF(OR(AH84="",AG84=""),"",AH84*AG84*3.6) -> 5184 | AL84: =+BDFUENTES[[#This Row],[PZ CHB m3/día]]/3.6/BDFUENTES[[#This Row],[PZ CHB Horas Activo]] -> 38.245614 | AM84: 19 | AN84: =IF(AO84>0,AO83," ") -> 3704879 | AO84: 3707495 | AP84: =IFERROR((AO84-AN84)," ") -> 2616 | AR84: =IFERROR(+AU84/(AQ84*3.6)," ") | AS84: =IF(AT84>0,AT83," ") | AU84: =IFERROR((AT84-AS84)," ") | AV84: =+BDFUENTES[[#This Row],[PZ TM m3/día]]/3.6/BDFUENTES[[#This Row],[PZ TM Horas Activo]] -> 11.458333 | AW84: 16 | AX84: =IF(AY84>0,AY83," ") -> 612596 | AY84: 613256 | AZ84: =IFERROR((AY84-AX84)," ") -> 660 | BA84: 125 | BB84: =IFERROR(+BE84/(BA84*3.6)," ") -> 0.56666667 | BC84: =IF(BD84>0,BD83," ") -> 6023573 | BD84: 6023828 | BE84: =IFERROR((BD84-BC84)," ") -> 255 | BF84: 20 | BG84: =IFERROR(+BJ84/(BF84*3.6)," ") -> 14.916667 | BH84: =IF(BI84>0,BI83," ") -> 1619582 | BI84: 1620656 | BJ84: =IFERROR((BI84-BH84)," ") -> 1074 | BK84: 70 | BL84: =IFERROR(+BO84/(BK84*3.6)," ") -> 17.924603 | BM84: =IF(BN84>0,BN83," ") -> 6437199 | BN84: 6441716 | BO84: =IFERROR((BN84-BM84)," ") -> 4517
B85: 46103 | C85: 38 | D85: =IFERROR(+G85/(C85*3.6)," ") -> 0 | E85: =IF(F85>0,F84," ") -> 3889497 | F85: 3889497 | G85: =IFERROR((F85-E85)," ") -> 0 | H85: 25 | I85: =IFERROR(+L85/(H85*3.6)," ") -> 0 | J85: =IF(K85>0,K84," ") -> 1970853 | K85: 1970853 | L85: =IFERROR((K85-J85)," ") -> 0 | M85: 38 | N85: =IFERROR(+Q85/(M85*3.6)," ") -> 0 | O85: =IF(P85>0,P84," ") -> 414656 | P85: 414656 | Q85: =IFERROR((P85-O85)," ") -> 0 | R85: =+BDFUENTES[[#This Row],[PZ MED m3/día]]/3.6/BDFUENTES[[#This Row],[PZ MED Horas Activo]] -> 25.055556 | S85: 5 | T85: =IF(U85>0,U84," ") -> 347413 | U85: 347864 | V85: =IFERROR((U85-T85)," ") -> 451 | W85: =IFERROR((AA85/X85)/3.6," ") -> 365.85314 | X85: 24 | Y85: =IF(Z85>0,Z84," ") -> 3289709.9 | Z85: 3321770.7 | AA85: =IFERROR((Z85-Y85)," ")-BDFUENTES[[#This Row],[PZ MED m3/día]] -> 31609.711 | AB85: =IFERROR(ROUNDDOWN(+AF85/(AC85*3.6),0)," ") -> 63 | AC85: 19 | AD85: =IF(AE85>0,AE84," ") -> 5458455 | AE85: 5462781 | AF85: =IFERROR((AE85-AD85)," ") -> 4326 | AG85: 60 | AH85: 24 | AK85: =IF(OR(AH85="",AG85=""),"",AH85*AG85*3.6) -> 5184 | AL85: =+BDFUENTES[[#This Row],[PZ CHB m3/día]]/3.6/BDFUENTES[[#This Row],[PZ CHB Horas Activo]] -> 38.811728 | AM85: 18 | AN85: =IF(AO85>0,AO84," ") -> 3707495 | AO85: 3710010 | AP85: =IFERROR((AO85-AN85)," ") -> 2515 | AR85: =IFERROR(+AU85/(AQ85*3.6)," ") | AS85: =IF(AT85>0,AT84," ") | AU85: =IFERROR((AT85-AS85)," ") | AV85: =+BDFUENTES[[#This Row],[PZ TM m3/día]]/3.6/BDFUENTES[[#This Row],[PZ TM Horas Activo]] -> 11.354167 | AW85: 16 | AX85: =IF(AY85>0,AY84," ") -> 613256 | AY85: 613910 | AZ85: =IFERROR((AY85-AX85)," ") -> 654 | BA85: 125 | BB85: =IFERROR(+BE85/(BA85*3.6)," ") -> 0.035555556 | BC85: =IF(BD85>0,BD84," ") -> 6023828 | BD85: 6023844 | BE85: =IFERROR((BD85-BC85)," ") -> 16 | BF85: 20 | BG85: =IFERROR(+BJ85/(BF85*3.6)," ") -> 7.9027778 | BH85: =IF(BI85>0,BI84," ") -> 1620656 | BI85: 1621225 | BJ85: =IFERROR((BI85-BH85)," ") -> 569 | BK85: 70 | BL85: =IFERROR(+BO85/(BK85*3.6)," ") -> 6.4404762 | BM85: =IF(BN85>0,BN84," ") -> 6441716 | BN85: 6443339 | BO85: =IFERROR((BN85-BM85)," ") -> 1623
B86: 46104 | C86: 38 | D86: =IFERROR(+G86/(C86*3.6)," ") -> 8.4210526 | E86: =IF(F86>0,F85," ") -> 3889497 | F86: 3890649 | G86: =IFERROR((F86-E86)," ") -> 1152 | H86: 25 | I86: =IFERROR(+L86/(H86*3.6)," ") -> 0 | J86: =IF(K86>0,K85," ") -> 1970853 | K86: 1970853 | L86: =IFERROR((K86-J86)," ") -> 0 | M86: 38 | N86: =IFERROR(+Q86/(M86*3.6)," ") -> 0 | O86: =IF(P86>0,P85," ") -> 414656 | P86: 414656 | Q86: =IFERROR((P86-O86)," ") -> 0 | R86: =+BDFUENTES[[#This Row],[PZ MED m3/día]]/3.6/BDFUENTES[[#This Row],[PZ MED Horas Activo]] -> 27.669753 | S86: 18 | T86: =IF(U86>0,U85," ") -> 347864 | U86: 349657 | V86: =IFERROR((U86-T86)," ") -> 1793 | W86: =IFERROR((AA86/X86)/3.6," ") -> 361.2578 | X86: 24 | Y86: =IF(Z86>0,Z85," ") -> 3321770.7 | Z86: 3354776.3 | AA86: =IFERROR((Z86-Y86)," ")-BDFUENTES[[#This Row],[PZ MED m3/día]] -> 31212.674 | AB86: =IFERROR(ROUNDDOWN(+AF86/(AC86*3.6),0)," ") -> 58 | AC86: 7 | AD86: =IF(AE86>0,AE85," ") -> 5462781 | AE86: 5464263 | AF86: =IFERROR((AE86-AD86)," ") -> 1482 | AG86: 60 | AH86: 24 | AK86: =IF(OR(AH86="",AG86=""),"",AH86*AG86*3.6) -> 5184 | AL86: =+BDFUENTES[[#This Row],[PZ CHB m3/día]]/3.6/BDFUENTES[[#This Row],[PZ CHB Horas Activo]] -> 38.919753 | AM86: 18 | AN86: =IF(AO86>0,AO85," ") -> 3710010 | AO86: 3712532 | AP86: =IFERROR((AO86-AN86)," ") -> 2522 | AR86: =IFERROR(+AU86/(AQ86*3.6)," ") | AS86: =IF(AT86>0,AT85," ") | AU86: =IFERROR((AT86-AS86)," ") | AV86: =+BDFUENTES[[#This Row],[PZ TM m3/día]]/3.6/BDFUENTES[[#This Row],[PZ TM Horas Activo]] -> 11.240741 | AW86: 15 | AX86: =IF(AY86>0,AY85," ") -> 613910 | AY86: 614517 | AZ86: =IFERROR((AY86-AX86)," ") -> 607 | BA86: 125 | BB86: =IFERROR(+BE86/(BA86*3.6)," ") -> 2.7022222 | BC86: =IF(BD86>0,BD85," ") -> 6023844 | BD86: 6025060 | BE86: =IFERROR((BD86-BC86)," ") -> 1216 | BF86: 20 | BG86: =IFERROR(+BJ86/(BF86*3.6)," ") -> 4.9305556 | BH86: =IF(BI86>0,BI85," ") -> 1621225 | BI86: 1621580 | BJ86: =IFERROR((BI86-BH86)," ") -> 355 | BK86: 70 | BL86: =IFERROR(+BO86/(BK86*3.6)," ") -> 14.972222 | BM86: =IF(BN86>0,BN85," ") -> 6443339 | BN86: 6447112 | BO86: =IFERROR((BN86-BM86)," ") -> 3773
B87: 46105 | C87: 38 | D87: =IFERROR(+G87/(C87*3.6)," ") -> 16.666667 | E87: =IF(F87>0,F86," ") -> 3890649 | F87: 3892929 | G87: =IFERROR((F87-E87)," ") -> 2280 | H87: 25 | I87: =IFERROR(+L87/(H87*3.6)," ") -> 0 | J87: =IF(K87>0,K86," ") -> 1970853 | K87: 1970853 | L87: =IFERROR((K87-J87)," ") -> 0 | M87: 38 | N87: =IFERROR(+Q87/(M87*3.6)," ") -> 0 | O87: =IF(P87>0,P86," ") -> 414656 | P87: 414656 | Q87: =IFERROR((P87-O87)," ") -> 0 | R87: =+BDFUENTES[[#This Row],[PZ MED m3/día]]/3.6/BDFUENTES[[#This Row],[PZ MED Horas Activo]] -> 28.75731 | S87: 19 | T87: =IF(U87>0,U86," ") -> 349657 | U87: 351624 | V87: =IFERROR((U87-T87)," ") -> 1967 | W87: =IFERROR((AA87/X87)/3.6," ") -> 359.59362 | X87: 24 | Y87: =IF(Z87>0,Z86," ") -> 3354776.3 | Z87: 3387812.2 | AA87: =IFERROR((Z87-Y87)," ")-BDFUENTES[[#This Row],[PZ MED m3/día]] -> 31068.889 | AB87: =IFERROR(ROUNDDOWN(+AF87/(AC87*3.6),0)," ") -> 66 | AC87: 9 | AD87: =IF(AE87>0,AE86," ") -> 5464263 | AE87: 5466417 | AF87: =IFERROR((AE87-AD87)," ") -> 2154 | AG87: 60 | AH87: 24 | AK87: =IF(OR(AH87="",AG87=""),"",AH87*AG87*3.6) -> 5184 | AL87: =+BDFUENTES[[#This Row],[PZ CHB m3/día]]/3.6/BDFUENTES[[#This Row],[PZ CHB Horas Activo]] -> 39.084967 | AM87: 17 | AN87: =IF(AO87>0,AO86," ") -> 3712532 | AO87: 3714924 | AP87: =IFERROR((AO87-AN87)," ") -> 2392 | AR87: =IFERROR(+AU87/(AQ87*3.6)," ") | AS87: =IF(AT87>0,AT86," ") | AU87: =IFERROR((AT87-AS87)," ") | AV87: =+BDFUENTES[[#This Row],[PZ TM m3/día]]/3.6/BDFUENTES[[#This Row],[PZ TM Horas Activo]] -> 11.722222 | AW87: 15 | AX87: =IF(AY87>0,AY86," ") -> 614517 | AY87: 615150 | AZ87: =IFERROR((AY87-AX87)," ") -> 633 | BA87: 125 | BB87: =IFERROR(+BE87/(BA87*3.6)," ") -> 5.2044444 | BC87: =IF(BD87>0,BD86," ") -> 6025060 | BD87: 6027402 | BE87: =IFERROR((BD87-BC87)," ") -> 2342 | BF87: 20 | BG87: =IFERROR(+BJ87/(BF87*3.6)," ") -> 17.611111 | BH87: =IF(BI87>0,BI86," ") -> 1621580 | BI87: 1622848 | BJ87: =IFERROR((BI87-BH87)," ") -> 1268 | BK87: 70 | BL87: =IFERROR(+BO87/(BK87*3.6)," ") -> 10.916667 | BM87: =IF(BN87>0,BN86," ") -> 6447112 | BN87: 6449863 | BO87: =IFERROR((BN87-BM87)," ") -> 2751
B88: 46106 | C88: 38 | D88: =IFERROR(+G88/(C88*3.6)," ") -> 17.317251 | E88: =IF(F88>0,F87," ") -> 3892929 | F88: 3895298 | G88: =IFERROR((F88-E88)," ") -> 2369 | H88: 25 | I88: =IFERROR(+L88/(H88*3.6)," ") -> 0 | J88: =IF(K88>0,K87," ") -> 1970853 | K88: 1970853 | L88: =IFERROR((K88-J88)," ") -> 0 | M88: 38 | N88: =IFERROR(+Q88/(M88*3.6)," ") -> 0 | O88: =IF(P88>0,P87," ") -> 414656 | P88: 414656 | Q88: =IFERROR((P88-O88)," ") -> 0 | R88: =+BDFUENTES[[#This Row],[PZ MED m3/día]]/3.6/BDFUENTES[[#This Row],[PZ MED Horas Activo]] -> 28.791667 | S88: 20 | T88: =IF(U88>0,U87," ") -> 351624 | U88: 353697 | V88: =IFERROR((U88-T88)," ") -> 2073 | W88: =IFERROR((AA88/X88)/3.6," ") -> 346.21438 | X88: 24 | Y88: =IF(Z88>0,Z87," ") -> 3387812.2 | Z88: 3419798.1 | AA88: =IFERROR((Z88-Y88)," ")-BDFUENTES[[#This Row],[PZ MED m3/día]] -> 29912.923 | AB88: =IFERROR(ROUNDDOWN(+AF88/(AC88*3.6),0)," ") -> 65 | AC88: 24 | AD88: =IF(AE88>0,AE87," ") -> 5466417 | AE88: 5472051 | AF88: =IFERROR((AE88-AD88)," ") -> 5634 | AG88: 60 | AH88: 24 | AK88: =IF(OR(AH88="",AG88=""),"",AH88*AG88*3.6) -> 5184 | AL88: =+BDFUENTES[[#This Row],[PZ CHB m3/día]]/3.6/BDFUENTES[[#This Row],[PZ CHB Horas Activo]] -> 38.780864 | AM88: 18 | AN88: =IF(AO88>0,AO87," ") -> 3714924 | AO88: 3717437 | AP88: =IFERROR((AO88-AN88)," ") -> 2513 | AR88: =IFERROR(+AU88/(AQ88*3.6)," ") | AS88: =IF(AT88>0,AT87," ") | AU88: =IFERROR((AT88-AS88)," ") | AV88: =+BDFUENTES[[#This Row],[PZ TM m3/día]]/3.6/BDFUENTES[[#This Row],[PZ TM Horas Activo]] -> 11.071429 | AW88: 14 | AX88: =IF(AY88>0,AY87," ") -> 615150 | AY88: 615708 | AZ88: =IFERROR((AY88-AX88)," ") -> 558 | BA88: 125 | BB88: =IFERROR(+BE88/(BA88*3.6)," ") -> 5.54 | BC88: =IF(BD88>0,BD87," ") -> 6027402 | BD88: 6029895 | BE88: =IFERROR((BD88-BC88)," ") -> 2493 | BF88: 20 | BG88: =IFERROR(+BJ88/(BF88*3.6)," ") -> 17.430556 | BH88: =IF(BI88>0,BI87," ") -> 1622848 | BI88: 1624103 | BJ88: =IFERROR((BI88-BH88)," ") -> 1255 | BK88: 70 | BL88: =IFERROR(+BO88/(BK88*3.6)," ") -> 17.420635 | BM88: =IF(BN88>0,BN87," ") -> 6449863 | BN88: 6454253 | BO88: =IFERROR((BN88-BM88)," ") -> 4390
B89: 46107 | C89: 38 | D89: =IFERROR(+G89/(C89*3.6)," ") -> 17.595029 | E89: =IF(F89>0,F88," ") -> 3895298 | F89: 3897705 | G89: =IFERROR((F89-E89)," ") -> 2407 | H89: 25 | I89: =IFERROR(+L89/(H89*3.6)," ") -> 0 | J89: =IF(K89>0,K88," ") -> 1970853 | K89: 1970853 | L89: =IFERROR((K89-J89)," ") -> 0 | M89: 38 | N89: =IFERROR(+Q89/(M89*3.6)," ") -> 0 | O89: =IF(P89>0,P88," ") -> 414656 | P89: 414656 | Q89: =IFERROR((P89-O89)," ") -> 0 | R89: =+BDFUENTES[[#This Row],[PZ MED m3/día]]/3.6/BDFUENTES[[#This Row],[PZ MED Horas Activo]] -> 29.5 | S89: 10 | T89: =IF(U89>0,U88," ") -> 353697 | U89: 354759 | V89: =IFERROR((U89-T89)," ") -> 1062 | W89: =IFERROR((AA89/X89)/3.6," ") -> 326.47544 | X89: 11 | Y89: =IF(Z89>0,Z88," ") -> 3419798.1 | Z89: 3433788.6 | AA89: =IFERROR((Z89-Y89)," ")-BDFUENTES[[#This Row],[PZ MED m3/día]] -> 12928.427 | AB89: =IFERROR(ROUNDDOWN(+AF89/(AC89*3.6),0)," ") -> 61 | AC89: 16 | AD89: =IF(AE89>0,AE88," ") -> 5472051 | AE89: 5475620 | AF89: =IFERROR((AE89-AD89)," ") -> 3569 | AG89: 60 | AH89: 24 | AK89: =IF(OR(AH89="",AG89=""),"",AH89*AG89*3.6) -> 5184 | AL89: =+BDFUENTES[[#This Row],[PZ CHB m3/día]]/3.6/BDFUENTES[[#This Row],[PZ CHB Horas Activo]] -> 38.626543 | AM89: 18 | AN89: =IF(AO89>0,AO88," ") -> 3717437 | AO89: 3719940 | AP89: =IFERROR((AO89-AN89)," ") -> 2503 | AR89: =IFERROR(+AU89/(AQ89*3.6)," ") | AS89: =IF(AT89>0,AT88," ") | AU89: =IFERROR((AT89-AS89)," ") | AV89: =+BDFUENTES[[#This Row],[PZ TM m3/día]]/3.6/BDFUENTES[[#This Row],[PZ TM Horas Activo]] -> 11.904762 | AW89: 14 | AX89: =IF(AY89>0,AY88," ") -> 615708 | AY89: 616308 | AZ89: =IFERROR((AY89-AX89)," ") -> 600 | BA89: 125 | BB89: =IFERROR(+BE89/(BA89*3.6)," ") -> 5.4955556 | BC89: =IF(BD89>0,BD88," ") -> 6029895 | BD89: 6032368 | BE89: =IFERROR((BD89-BC89)," ") -> 2473 | BF89: 20 | BG89: =IFERROR(+BJ89/(BF89*3.6)," ") -> 16.930556 | BH89: =IF(BI89>0,BI88," ") -> 1624103 | BI89: 1625322 | BJ89: =IFERROR((BI89-BH89)," ") -> 1219 | BK89: 70 | BL89: =IFERROR(+BO89/(BK89*3.6)," ") -> 8.9444444 | BM89: =IF(BN89>0,BN88," ") -> 6454253 | BN89: 6456507 | BO89: =IFERROR((BN89-BM89)," ") -> 2254
B90: 46108 | C90: 38 | D90: =IFERROR(+G90/(C90*3.6)," ") -> 17.353801 | E90: =IF(F90>0,F89," ") -> 3897705 | F90: 3900079 | G90: =IFERROR((F90-E90)," ") -> 2374 | H90: 25 | I90: =IFERROR(+L90/(H90*3.6)," ") -> 0 | J90: =IF(K90>0,K89," ") -> 1970853 | K90: 1970853 | L90: =IFERROR((K90-J90)," ") -> 0 | M90: 38 | N90: =IFERROR(+Q90/(M90*3.6)," ") -> 0 | O90: =IF(P90>0,P89," ") -> 414656 | P90: 414656 | Q90: =IFERROR((P90-O90)," ") -> 0 | R90: =+BDFUENTES[[#This Row],[PZ MED m3/día]]/3.6/BDFUENTES[[#This Row],[PZ MED Horas Activo]] -> 29.830247 | S90: 18 | T90: =IF(U90>0,U89," ") -> 354759 | U90: 356692 | V90: =IFERROR((U90-T90)," ") -> 1933 | W90: =IFERROR((AA90/X90)/3.6," ") -> 319.03165 | X90: 24 | Y90: =IF(Z90>0,Z89," ") -> 3433788.6 | Z90: 3463285.9 | AA90: =IFERROR((Z90-Y90)," ")-BDFUENTES[[#This Row],[PZ MED m3/día]] -> 27564.335 | AB90: =IFERROR(ROUNDDOWN(+AF90/(AC90*3.6),0)," ") -> 69 | AC90: 24 | AD90: =IF(AE90>0,AE89," ") -> 5475620 | AE90: 5481598 | AF90: =IFERROR((AE90-AD90)," ") -> 5978 | AG90: 60 | AH90: 24 | AK90: =IF(OR(AH90="",AG90=""),"",AH90*AG90*3.6) -> 5184 | AL90: =+BDFUENTES[[#This Row],[PZ CHB m3/día]]/3.6/BDFUENTES[[#This Row],[PZ CHB Horas Activo]] -> 37.901235 | AM90: 18 | AN90: =IF(AO90>0,AO89," ") -> 3719940 | AO90: 3722396 | AP90: =IFERROR((AO90-AN90)," ") -> 2456 | AR90: =IFERROR(+AU90/(AQ90*3.6)," ") | AS90: =IF(AT90>0,AT89," ") | AU90: =IFERROR((AT90-AS90)," ") | AV90: =+BDFUENTES[[#This Row],[PZ TM m3/día]]/3.6/BDFUENTES[[#This Row],[PZ TM Horas Activo]] -> 11.388889 | AW90: 15 | AX90: =IF(AY90>0,AY89," ") -> 616308 | AY90: 616923 | AZ90: =IFERROR((AY90-AX90)," ") -> 615 | BA90: 125 | BB90: =IFERROR(+BE90/(BA90*3.6)," ") -> 5.4311111 | BC90: =IF(BD90>0,BD89," ") -> 6032368 | BD90: 6034812 | BE90: =IFERROR((BD90-BC90)," ") -> 2444 | BF90: 20 | BG90: =IFERROR(+BJ90/(BF90*3.6)," ") -> 16.736111 | BH90: =IF(BI90>0,BI89," ") -> 1625322 | BI90: 1626527 | BJ90: =IFERROR((BI90-BH90)," ") -> 1205 | BK90: 70 | BL90: =IFERROR(+BO90/(BK90*3.6)," ") -> 17.503968 | BM90: =IF(BN90>0,BN89," ") -> 6456507 | BN90: 6460918 | BO90: =IFERROR((BN90-BM90)," ") -> 4411
B91: 46109 | C91: 38 | D91: =IFERROR(+G91/(C91*3.6)," ") -> 17.309942 | E91: =IF(F91>0,F90," ") -> 3900079 | F91: 3902447 | G91: =IFERROR((F91-E91)," ") -> 2368 | H91: 25 | I91: =IFERROR(+L91/(H91*3.6)," ") -> 0 | J91: =IF(K91>0,K90," ") -> 1970853 | K91: 1970853 | L91: =IFERROR((K91-J91)," ") -> 0 | M91: 38 | N91: =IFERROR(+Q91/(M91*3.6)," ") -> 0 | O91: =IF(P91>0,P90," ") -> 414656 | P91: 414656 | Q91: =IFERROR((P91-O91)," ") -> 0 | R91: =+BDFUENTES[[#This Row],[PZ MED m3/día]]/3.6/BDFUENTES[[#This Row],[PZ MED Horas Activo]] -> 28.950617 | S91: 18 | T91: =IF(U91>0,U90," ") -> 356692 | U91: 358568 | V91: =IFERROR((U91-T91)," ") -> 1876 | W91: =IFERROR((AA91/X91)/3.6," ") -> 349.17605 | X91: 24 | Y91: =IF(Z91>0,Z90," ") -> 3463285.9 | Z91: 3495330.7 | AA91: =IFERROR((Z91-Y91)," ")-BDFUENTES[[#This Row],[PZ MED m3/día]] -> 30168.811 | AB91: =IFERROR(ROUNDDOWN(+AF91/(AC91*3.6),0)," ") -> 70 | AC91: 24 | AD91: =IF(AE91>0,AE90," ") -> 5481598 | AE91: 5487648 | AF91: =IFERROR((AE91-AD91)," ") -> 6050 | AG91: 60 | AH91: 24 | AK91: =IF(OR(AH91="",AG91=""),"",AH91*AG91*3.6) -> 5184 | AL91: =+BDFUENTES[[#This Row],[PZ CHB m3/día]]/3.6/BDFUENTES[[#This Row],[PZ CHB Horas Activo]] -> 38.070175 | AM91: 19 | AN91: =IF(AO91>0,AO90," ") -> 3722396 | AO91: 3725000 | AP91: =IFERROR((AO91-AN91)," ") -> 2604 | AR91: =IFERROR(+AU91/(AQ91*3.6)," ") | AS91: =IF(AT91>0,AT90," ") | AU91: =IFERROR((AT91-AS91)," ") | AV91: =+BDFUENTES[[#This Row],[PZ TM m3/día]]/3.6/BDFUENTES[[#This Row],[PZ TM Horas Activo]] -> 11.351852 | AW91: 15 | AX91: =IF(AY91>0,AY90," ") -> 616923 | AY91: 617536 | AZ91: =IFERROR((AY91-AX91)," ") -> 613 | BA91: 125 | BB91: =IFERROR(+BE91/(BA91*3.6)," ") -> 5.2222222 | BC91: =IF(BD91>0,BD90," ") -> 6034812 | BD91: 6037162 | BE91: =IFERROR((BD91-BC91)," ") -> 2350 | BF91: 20 | BG91: =IFERROR(+BJ91/(BF91*3.6)," ") -> 17.597222 | BH91: =IF(BI91>0,BI90," ") -> 1626527 | BI91: 1627794 | BJ91: =IFERROR((BI91-BH91)," ") -> 1267 | BK91: 70 | BL91: =IFERROR(+BO91/(BK91*3.6)," ") -> 13.115079 | BM91: =IF(BN91>0,BN90," ") -> 6460918 | BN91: 6464223 | BO91: =IFERROR((BN91-BM91)," ") -> 3305
... B94: 46112 | C94: 38 | D94: =IFERROR(+G94/(C94*3.6)," ") -> 17.339181 | E94: =IF(F94>0,F93," ") -> 3907202 | F94: 3909574 | G94: =IFERROR((F94-E94)," ") -> 2372 | H94: 25 | I94: =IFERROR(+L94/(H94*3.6)," ") -> 0 | J94: =IF(K94>0,K93," ") -> 1970853 | K94: 1970853 | L94: =IFERROR((K94-J94)," ") -> 0 | M94: 38 | N94: =IFERROR(+Q94/(M94*3.6)," ") -> 0 | O94: =IF(P94>0,P93," ") -> 414656 | P94: 414656 | Q94: =IFERROR((P94-O94)," ") -> 0 | R94: =+BDFUENTES[[#This Row],[PZ MED m3/día]]/3.6/BDFUENTES[[#This Row],[PZ MED Horas Activo]] -> 30.013228 | S94: 21 | T94: =IF(U94>0,U93," ") -> 362250 | U94: 364519 | V94: =IFERROR((U94-T94)," ") -> 2269 | W94: =IFERROR((AA94/X94)/3.6," ") -> 376.28472 | X94: 24 | Y94: =IF(Z94>0,Z93," ") -> 3562830 | Z94: 3597610 | AA94: =IFERROR((Z94-Y94)," ")-BDFUENTES[[#This Row],[PZ MED m3/día]] -> 32511 | AB94: =IFERROR(ROUNDDOWN(+AF94/(AC94*3.6),0)," ") -> 65 | AC94: 24 | AD94: =IF(AE94>0,AE93," ") -> 5498962 | AE94: 5504610 | AF94: =IFERROR((AE94-AD94)," ") -> 5648 | AG94: 40 | AH94: 24 | AK94: =IF(OR(AH94="",AG94=""),"",AH94*AG94*3.6) -> 3456 | AL94: =+BDFUENTES[[#This Row],[PZ CHB m3/día]]/3.6/BDFUENTES[[#This Row],[PZ CHB Horas Activo]] -> 38.093093 | AM94: 18.5 | AN94: =IF(AO94>0,AO93," ") -> 3729986 | AO94: 3732523 | AP94: =IFERROR((AO94-AN94)," ") -> 2537 | AR94: =IFERROR(+AU94/(AQ94*3.6)," ") | AS94: =IF(AT94>0,AT93," ") | AU94: =IFERROR((AT94-AS94)," ") | AV94: =+BDFUENTES[[#This Row],[PZ TM m3/día]]/3.6/BDFUENTES[[#This Row],[PZ TM Horas Activo]] -> 11.425926 | AW94: 15 | AX94: =IF(AY94>0,AY93," ") -> 618743 | AY94: 619360 | AZ94: =IFERROR((AY94-AX94)," ") -> 617 | BA94: 125 | BB94: =IFERROR(+BE94/(BA94*3.6)," ") -> 4.98 | BC94: =IF(BD94>0,BD93," ") -> 6042146 | BD94: 6044387 | BE94: =IFERROR((BD94-BC94)," ") -> 2241 | BF94: 20 | BG94: =IFERROR(+BJ94/(BF94*3.6)," ") -> 17.263889 | BH94: =IF(BI94>0,BI93," ") -> 1630289 | BI94: 1631532 | BJ94: =IFERROR((BI94-BH94)," ") -> 1243 | BK94: 70 | BL94: =IFERROR(+BO94/(BK94*3.6)," ") -> 17.896825 | BM94: =IF(BN94>0,BN93," ") -> 6473934 | BN94: 6478444 | BO94: =IFERROR((BN94-BM94)," ") -> 4510
B95: 46113 | C95: 38 | D95: 15.89 | E95: =IF(F95>0,F94," ") -> 3909574 | F95: 3911936 | G95: =IFERROR((F95-E95)," ") -> 2362 | H95: 25 | I95: =IFERROR(+L95/(H95*3.6)," ") -> 0 | J95: =IF(K95>0,K94," ") -> 1970853 | K95: 1970853 | L95: =IFERROR((K95-J95)," ") -> 0 | M95: 38 | N95: =IFERROR(+Q95/(M95*3.6)," ") -> 0 | O95: =IF(P95>0,P94," ") -> 414656 | P95: 414656 | Q95: =IFERROR((P95-O95)," ") -> 0 | R95: 24.27 | S95: 19 | T95: =IF(U95>0,U94," ") -> 364519 | U95: 366290 | V95: =IFERROR((U95-T95)," ") -> 1771 | W95: =IFERROR((AA95/X95)/3.6," ") -> 372.61574 | X95: 24 | Y95: =IF(Z95>0,Z94," ") -> 3597610 | Z95: 3631575 | AA95: =IFERROR((Z95-Y95)," ")-BDFUENTES[[#This Row],[PZ MED m3/día]] -> 32194 | AB95: =IFERROR(ROUNDDOWN(+AF95/(AC95*3.6),0)," ") -> 62 | AC95: 24 | AD95: =IF(AE95>0,AE94," ") -> 5504610 | AE95: 5509992 | AF95: =IFERROR((AE95-AD95)," ") -> 5382 | AG95: 40 | AH95: 24 | AK95: =IF(OR(AH95="",AG95=""),"",AH95*AG95*3.6) -> 3456 | AL95: =+BDFUENTES[[#This Row],[PZ CHB m3/día]]/3.6/BDFUENTES[[#This Row],[PZ CHB Horas Activo]] -> 38.869048 | AM95: 14 | AN95: =IF(AO95>0,AO94," ") -> 3732523 | AO95: 3734482 | AP95: =IFERROR((AO95-AN95)," ") -> 1959 | AR95: =IFERROR(+AU95/(AQ95*3.6)," ") | AS95: =IF(AT95>0,AT94," ") | AU95: =IFERROR((AT95-AS95)," ") | AV95: =+BDFUENTES[[#This Row],[PZ TM m3/día]]/3.6/BDFUENTES[[#This Row],[PZ TM Horas Activo]] -> 11.597222 | AW95: 16 | AX95: =IF(AY95>0,AY94," ") -> 619360 | AY95: 620028 | AZ95: =IFERROR((AY95-AX95)," ") -> 668 | BA95: 125 | BB95: =IFERROR(+BE95/(BA95*3.6)," ") -> 5.5355556 | BC95: =IF(BD95>0,BD94," ") -> 6044387 | BD95: 6046878 | BE95: =IFERROR((BD95-BC95)," ") -> 2491 | BF95: 20 | BG95: =IFERROR(+BJ95/(BF95*3.6)," ") -> 16.930556 | BH95: =IF(BI95>0,BI94," ") -> 1631532 | BI95: 1632751 | BJ95: =IFERROR((BI95-BH95)," ") -> 1219 | BK95: 70 | BL95: =IFERROR(+BO95/(BK95*3.6)," ") -> 18.281746 | BM95: =IF(BN95>0,BN94," ") -> 6478444 | BN95: 6483051 | BO95: =IFERROR((BN95-BM95)," ") -> 4607
B96: 46114 | C96: 38 | D96: 15.96 | E96: =IF(F96>0,F95," ") -> 3911936 | F96: 3914340 | G96: =IFERROR((F96-E96)," ") -> 2404 | H96: 25 | I96: =IFERROR(+L96/(H96*3.6)," ") -> 0 | J96: =IF(K96>0,K95," ") -> 1970853 | K96: 1970853 | L96: =IFERROR((K96-J96)," ") -> 0 | M96: 38 | N96: =IFERROR(+Q96/(M96*3.6)," ") -> 0 | O96: =IF(P96>0,P95," ") -> 414656 | P96: 414656 | Q96: =IFERROR((P96-O96)," ") -> 0 | R96: 23.9 | S96: 19 | T96: =IF(U96>0,U95," ") -> 366290 | U96: 367976 | V96: =IFERROR((U96-T96)," ") -> 1686 | W96: =IFERROR((AA96/X96)/3.6," ") -> 374.33353 | X96: 24 | Y96: =IF(Z96>0,Z95," ") -> 3631575 | Z96: =3664262+(3.6*W95*1) -> 3665603.4 | AA96: =IFERROR((Z96-Y96)," ")-BDFUENTES[[#This Row],[PZ MED m3/día]] -> 32342.417 | AB96: =IFERROR(ROUNDDOWN(+AF96/(AC96*3.6),0)," ") -> 63 | AC96: 17 | AD96: =IF(AE96>0,AE95," ") -> 5509992 | AE96: 5513902 | AF96: =IFERROR((AE96-AD96)," ") -> 3910 | AG96: 40 | AH96: 24 | AK96: =IF(OR(AH96="",AG96=""),"",AH96*AG96*3.6) -> 3456 | AL96: =+BDFUENTES[[#This Row],[PZ CHB m3/día]]/3.6/BDFUENTES[[#This Row],[PZ CHB Horas Activo]] -> 37.833333 | AM96: 15 | AN96: =IF(AO96>0,AO95," ") -> 3734482 | AO96: 3736525 | AP96: =IFERROR((AO96-AN96)," ") -> 2043 | AR96: =IFERROR(+AU96/(AQ96*3.6)," ") | AS96: =IF(AT96>0,AT95," ") | AU96: =IFERROR((AT96-AS96)," ") | AV96: =+BDFUENTES[[#This Row],[PZ TM m3/día]]/3.6/BDFUENTES[[#This Row],[PZ TM Horas Activo]] -> 11.56746 | AW96: 14 | AX96: =IF(AY96>0,AY95," ") -> 620028 | AY96: 620611 | AZ96: =IFERROR((AY96-AX96)," ") -> 583 | BA96: 125 | BB96: =IFERROR(+BE96/(BA96*3.6)," ") -> 5.5111111 | BC96: =IF(BD96>0,BD95," ") -> 6046878 | BD96: 6049358 | BE96: =IFERROR((BD96-BC96)," ") -> 2480 | BF96: 20 | BG96: =IFERROR(+BJ96/(BF96*3.6)," ") -> 17.972222 | BH96: =IF(BI96>0,BI95," ") -> 1632751 | BI96: 1634045 | BJ96: =IFERROR((BI96-BH96)," ") -> 1294 | BK96: 70 | BL96: =IFERROR(+BO96/(BK96*3.6)," ") -> 16.492063 | BM96: =IF(BN96>0,BN95," ") -> 6483051 | BN96: 6487207 | BO96: =IFERROR((BN96-BM96)," ") -> 4156
B97: 46115 | C97: 38 | D97: 16.03 | E97: =IF(F97>0,F96," ") -> 3914340 | F97: 3916697 | G97: =IFERROR((F97-E97)," ") -> 2357 | H97: 25 | I97: =IFERROR(+L97/(H97*3.6)," ") -> 0 | J97: =IF(K97>0,K96," ") -> 1970853 | K97: 1970853 | L97: =IFERROR((K97-J97)," ") -> 0 | M97: 38 | N97: =IFERROR(+Q97/(M97*3.6)," ") -> 0 | O97: =IF(P97>0,P96," ") -> 414656 | P97: 414656 | Q97: =IFERROR((P97-O97)," ") -> 0 | R97: =+BDFUENTES[[#This Row],[PZ MED m3/día]]/3.6/BDFUENTES[[#This Row],[PZ MED Horas Activo]] -> 0 | S97: 12 | T97: =IF(U97>0,U96," ") -> 367976 | U97: 367976 | V97: =IFERROR((U97-T97)," ") -> 0 | W97: =IFERROR((AA97/X97)/3.6," ") -> 454.1387 | X97: 24 | Y97: =IF(Z97>0,Z96," ") -> 3665603.4 | Z97: 3704841 | AA97: =IFERROR((Z97-Y97)," ")-BDFUENTES[[#This Row],[PZ MED m3/día]] -> 39237.583 | AB97: =IFERROR(ROUNDDOWN(+AF97/(AC97*3.6),0)," ") -> 63 | AC97: 20 | AD97: =IF(AE97>0,AE96," ") -> 5513902 | AE97: 5518452 | AF97: =IFERROR((AE97-AD97)," ") -> 4550 | AG97: 40 | AH97: 24 | AK97: =IF(OR(AH97="",AG97=""),"",AH97*AG97*3.6) -> 3456 | AL97: =+BDFUENTES[[#This Row],[PZ CHB m3/día]]/3.6/BDFUENTES[[#This Row],[PZ CHB Horas Activo]] -> 39.012346 | AM97: 18 | AN97: =IF(AO97>0,AO96," ") -> 3736525 | AO97: 3739053 | AP97: =IFERROR((AO97-AN97)," ") -> 2528 | AR97: =IFERROR(+AU97/(AQ97*3.6)," ") | AS97: =IF(AT97>0,AT96," ") | AU97: =IFERROR((AT97-AS97)," ") | AV97: =+BDFUENTES[[#This Row],[PZ TM m3/día]]/3.6/BDFUENTES[[#This Row],[PZ TM Horas Activo]] -> 11.369048 | AW97: 14 | AX97: =IF(AY97>0,AY96," ") -> 620611 | AY97: 621184 | AZ97: =IFERROR((AY97-AX97)," ") -> 573 | BA97: 125 | BB97: =IFERROR(+BE97/(BA97*3.6)," ") -> 5.4022222 | BC97: =IF(BD97>0,BD96," ") -> 6049358 | BD97: 6051789 | BE97: =IFERROR((BD97-BC97)," ") -> 2431 | BF97: 20 | BG97: =IFERROR(+BJ97/(BF97*3.6)," ") -> 17.361111 | BH97: =IF(BI97>0,BI96," ") -> 1634045 | BI97: 1635295 | BJ97: =IFERROR((BI97-BH97)," ") -> 1250 | BK97: 70 | BL97: =IFERROR(+BO97/(BK97*3.6)," ") -> 18.480159 | BM97: =IF(BN97>0,BN96," ") -> 6487207 | BN97: 6491864 | BO97: =IFERROR((BN97-BM97)," ") -> 4657
B98: 46116 | C98: 38 | D98: 16.1 | E98: =IF(F98>0,F97," ") -> 3916697 | F98: 3919092 | G98: =IFERROR((F98-E98)," ") -> 2395 | H98: 25 | I98: =IFERROR(+L98/(H98*3.6)," ") -> 0 | J98: =IF(K98>0,K97," ") -> 1970853 | K98: 1970853 | L98: =IFERROR((K98-J98)," ") -> 0 | M98: 38 | N98: =IFERROR(+Q98/(M98*3.6)," ") -> 0 | O98: =IF(P98>0,P97," ") -> 414656 | P98: 414656 | Q98: =IFERROR((P98-O98)," ") -> 0 | R98: =+BDFUENTES[[#This Row],[PZ MED m3/día]]/3.6/BDFUENTES[[#This Row],[PZ MED Horas Activo]] -> 0 | S98: 12 | T98: =IF(U98>0,U97," ") -> 367976 | U98: 367976 | V98: =IFERROR((U98-T98)," ") -> 0 | W98: =IFERROR((AA98/X98)/3.6," ") -> 444.17824 | X98: 24 | Y98: =IF(Z98>0,Z97," ") -> 3704841 | Z98: 3743218 | AA98: =IFERROR((Z98-Y98)," ")-BDFUENTES[[#This Row],[PZ MED m3/día]] -> 38377 | AB98: 0 | AC98: 0 | AD98: =IF(AE98>0,AE97," ") -> 5518452 | AE98: 5518546 | AF98: =IFERROR((AE98-AD98)," ") -> 94 | AG98: 40 | AH98: 24 | AK98: =IF(OR(AH98="",AG98=""),"",AH98*AG98*3.6) -> 3456 | AL98: =+BDFUENTES[[#This Row],[PZ CHB m3/día]]/3.6/BDFUENTES[[#This Row],[PZ CHB Horas Activo]] -> 39.027778 | AM98: 18 | AN98: =IF(AO98>0,AO97," ") -> 3739053 | AO98: 3741582 | AP98: =IFERROR((AO98-AN98)," ") -> 2529 | AR98: =IFERROR(+AU98/(AQ98*3.6)," ") | AS98: =IF(AT98>0,AT97," ") | AU98: =IFERROR((AT98-AS98)," ") | AV98: =+BDFUENTES[[#This Row],[PZ TM m3/día]]/3.6/BDFUENTES[[#This Row],[PZ TM Horas Activo]] -> 11.753472 | AW98: 16 | AX98: =IF(AY98>0,AY97," ") -> 621184 | AY98: 621861 | AZ98: =IFERROR((AY98-AX98)," ") -> 677 | BA98: 125 | BB98: =IFERROR(+BE98/(BA98*3.6)," ") -> 5.2955556 | BC98: =IF(BD98>0,BD97," ") -> 6051789 | BD98: 6054172 | BE98: =IFERROR((BD98-BC98)," ") -> 2383 | BF98: 20 | BG98: =IFERROR(+BJ98/(BF98*3.6)," ") -> 0 | BH98: =IF(BI98>0,BI97," ") -> 1635295 | BI98: 1635295 | BJ98: =IFERROR((BI98-BH98)," ") -> 0 | BK98: 70 | BL98: =IFERROR(+BO98/(BK98*3.6)," ") -> 18.734127 | BM98: =IF(BN98>0,BN97," ") -> 6491864 | BN98: 6496585 | BO98: =IFERROR((BN98-BM98)," ") -> 4721
B99: 46117 | C99: 38 | D99: 16.17 | E99: =IF(F99>0,F98," ") -> 3919092 | F99: 3921475 | G99: =IFERROR((F99-E99)," ") -> 2383 | H99: 25 | I99: =IFERROR(+L99/(H99*3.6)," ") -> 0 | J99: =IF(K99>0,K98," ") -> 1970853 | K99: 1970853 | L99: =IFERROR((K99-J99)," ") -> 0 | M99: 38 | N99: =IFERROR(+Q99/(M99*3.6)," ") -> 0 | O99: =IF(P99>0,P98," ") -> 414656 | P99: 414656 | Q99: =IFERROR((P99-O99)," ") -> 0 | R99: =+BDFUENTES[[#This Row],[PZ MED m3/día]]/3.6/BDFUENTES[[#This Row],[PZ MED Horas Activo]] -> 0 | S99: 12 | T99: =IF(U99>0,U98," ") -> 367976 | U99: 367976 | V99: =IFERROR((U99-T99)," ") -> 0 | W99: =IFERROR((AA99/X99)/3.6," ") -> 452.89352 | X99: 24 | Y99: =IF(Z99>0,Z98," ") -> 3743218 | Z99: 3782348 | AA99: =IFERROR((Z99-Y99)," ")-BDFUENTES[[#This Row],[PZ MED m3/día]] -> 39130 | AB99: 0 | AC99: 0 | AD99: =IF(AE99>0,AE98," ") -> 5518546 | AE99: 5518633 | AF99: =IFERROR((AE99-AD99)," ") -> 87 | AG99: 40 | AH99: 24 | AK99: =IF(OR(AH99="",AG99=""),"",AH99*AG99*3.6) -> 3456 | AL99: =+BDFUENTES[[#This Row],[PZ CHB m3/día]]/3.6/BDFUENTES[[#This Row],[PZ CHB Horas Activo]] -> 38.444444 | AM99: 10 | AN99: =IF(AO99>0,AO98," ") -> 3741582 | AO99: 3742966 | AP99: =IFERROR((AO99-AN99)," ") -> 1384 | AR99: =IFERROR(+AU99/(AQ99*3.6)," ") | AS99: =IF(AT99>0,AT98," ") | AU99: =IFERROR((AT99-AS99)," ") | AV99: =+BDFUENTES[[#This Row],[PZ TM m3/día]]/3.6/BDFUENTES[[#This Row],[PZ TM Horas Activo]] -> 11.486928 | AW99: 17 | AX99: =IF(AY99>0,AY98," ") -> 621861 | AY99: 622564 | AZ99: =IFERROR((AY99-AX99)," ") -> 703 | BA99: 125 | BB99: =IFERROR(+BE99/(BA99*3.6)," ") -> 5.3488889 | BC99: =IF(BD99>0,BD98," ") -> 6054172 | BD99: 6056579 | BE99: =IFERROR((BD99-BC99)," ") -> 2407 | BF99: 20 | BG99: =IFERROR(+BJ99/(BF99*3.6)," ") -> 5.5694444 | BH99: =IF(BI99>0,BI98," ") -> 1635295 | BI99: 1635696 | BJ99: =IFERROR((BI99-BH99)," ") -> 401 | BK99: 70 | BL99: =IFERROR(+BO99/(BK99*3.6)," ") -> 19.579365 | BM99: =IF(BN99>0,BN98," ") -> 6496585 | BN99: 6501519 | BO99: =IFERROR((BN99-BM99)," ") -> 4934
B100: 46118 | C100: 38 | D100: 16.24 | E100: =IF(F100>0,F99," ") -> 3921475 | F100: 3923889 | G100: =IFERROR((F100-E100)," ") -> 2414 | H100: 25 | I100: =IFERROR(+L100/(H100*3.6)," ") -> 0 | J100: =IF(K100>0,K99," ") -> 1970853 | K100: 1970853 | L100: =IFERROR((K100-J100)," ") -> 0 | M100: 38 | N100: =IFERROR(+Q100/(M100*3.6)," ") -> 0 | O100: =IF(P100>0,P99," ") -> 414656 | P100: 414656 | Q100: =IFERROR((P100-O100)," ") -> 0 | R100: =+BDFUENTES[[#This Row],[PZ MED m3/día]]/3.6/BDFUENTES[[#This Row],[PZ MED Horas Activo]] -> 29.826389 | S100: 24 | T100: =IF(U100>0,U99," ") -> 367976 | U100: 370553 | V100: =IFERROR((U100-T100)," ") -> 2577 | W100: =IFERROR((AA100/X100)/3.6," ") -> 420.46296 | X100: 24 | Y100: =IF(Z100>0,Z99," ") -> 3782348 | Z100: 3821253 | AA100: =IFERROR((Z100-Y100)," ")-BDFUENTES[[#This Row],[PZ MED m3/día]] -> 36328 | AB100: =IFERROR(ROUNDDOWN(+AF100/(AC100*3.6),0)," ") -> 57 | AC100: 6 | AD100: =IF(AE100>0,AE99," ") -> 5518633 | AE100: 5519871 | AF100: =IFERROR((AE100-AD100)," ") -> 1238 | AG100: 40 | AH100: 24 | AK100: =IF(OR(AH100="",AG100=""),"",AH100*AG100*3.6) -> 3456 | AL100: =+BDFUENTES[[#This Row],[PZ CHB m3/día]]/3.6/BDFUENTES[[#This Row],[PZ CHB Horas Activo]] -> 37.149123 | AM100: 19 | AN100: =IF(AO100>0,AO99," ") -> 3742966 | AO100: 3745507 | AP100: =IFERROR((AO100-AN100)," ") -> 2541 | AR100: =IFERROR(+AU100/(AQ100*3.6)," ") | AS100: =IF(AT100>0,AT99," ") | AU100: =IFERROR((AT100-AS100)," ") | AV100: =+BDFUENTES[[#This Row],[PZ TM m3/día]]/3.6/BDFUENTES[[#This Row],[PZ TM Horas Activo]] -> 11.018519 | AW100: 18 | AX100: =IF(AY100>0,AY99," ") -> 622564 | AY100: 623278 | AZ100: =IFERROR((AY100-AX100)," ") -> 714 | BA100: 125 | BB100: =IFERROR(+BE100/(BA100*3.6)," ") -> 5.5222222 | BC100: =IF(BD100>0,BD99," ") -> 6056579 | BD100: 6059064 | BE100: =IFERROR((BD100-BC100)," ") -> 2485 | BF100: 20 | BG100: =IFERROR(+BJ100/(BF100*3.6)," ") -> 19.111111 | BH100: =IF(BI100>0,BI99," ") -> 1635696 | BI100: 1637072 | BJ100: =IFERROR((BI100-BH100)," ") -> 1376 | BK100: 70 | BL100: =IFERROR(+BO100/(BK100*3.6)," ") -> 19.047619 | BM100: =IF(BN100>0,BN99," ") -> 6501519 | BN100: 6506319 | BO100: =IFERROR((BN100-BM100)," ") -> 4800
